<?xml version="1.0" encoding="UTF-8"?>
<TrainingCenterDatabase
  xsi:schemaLocation="http://www.garmin.com/xmlschemas/TrainingCenterDatabase/v2 http://www.garmin.com/xmlschemas/TrainingCenterDatabasev2.xsd"
  xmlns:ns5="http://www.garmin.com/xmlschemas/ActivityGoals/v1"
  xmlns:ns3="http://www.garmin.com/xmlschemas/ActivityExtension/v2"
  xmlns:ns2="http://www.garmin.com/xmlschemas/UserProfile/v2"
  xmlns="http://www.garmin.com/xmlschemas/TrainingCenterDatabase/v2"
  xmlns:xsi="http://www.w3.org/2001/XMLSchema-instance" xmlns:ns4="http://www.garmin.com/xmlschemas/ProfileExtension/v1">
  <Activities>
    <Activity Sport="Biking">
      <Id>2026-04-21T12:19:32.000Z</Id>
      <Lap StartTime="2026-04-21T12:19:32.000Z">
        <TotalTimeSeconds>485.089</TotalTimeSeconds>
        <DistanceMeters>2186.2</DistanceMeters>
        <MaximumSpeed>10.534000396728516</MaximumSpeed>
        <Calories>64</Calories>
        <AverageHeartRateBpm>
          <Value>111</Value>
        </AverageHeartRateBpm>
        <MaximumHeartRateBpm>
          <Value>149</Value>
        </MaximumHeartRateBpm>
        <Intensity>Active</Intensity>
        <TriggerMethod>Manual</TriggerMethod>
        <Track>
          <Trackpoint>
            <Time>2026-04-21T12:19:32.000Z</Time>
            <AltitudeMeters>30.399999618530273</AltitudeMeters>
            <DistanceMeters>0.0</DistanceMeters>
            <HeartRateBpm>
              <Value>94</Value>
            </HeartRateBpm>
            <Extensions>
              <ns3:TPX/>
            </Extensions>
          </Trackpoint>
          <Trackpoint>
            <Time>2026-04-21T12:19:33.000Z</Time>
            <AltitudeMeters>30.399999618530273</AltitudeMeters>
            <DistanceMeters>0.0</DistanceMeters>
            <HeartRateBpm>
              <Value>94</Value>
            </HeartRateBpm>
            <Extensions>
              <ns3:TPX/>
            </Extensions>
          </Trackpoint>
          <Trackpoint>
            <Time>2026-04-21T12:19:36.000Z</Time>
            <AltitudeMeters>30.399999618530273</AltitudeMeters>
            <DistanceMeters>0.0</DistanceMeters>
            <HeartRateBpm>
              <Value>97</Value>
            </HeartRateBpm>
            <Extensions>
              <ns3:TPX/>
            </Extensions>
          </Trackpoint>
          <Trackpoint>
            <Time>2026-04-21T12:19:38.000Z</Time>
            <AltitudeMeters>30.399999618530273</AltitudeMeters>
            <DistanceMeters>0.0</DistanceMeters>
            <HeartRateBpm>
              <Value>100</Value>
            </HeartRateBpm>
            <Extensions>
              <ns3:TPX/>
            </Extensions>
          </Trackpoint>
          <Trackpoint>
            <Time>2026-04-21T12:19:40.000Z</Time>
            <Position>
              <LatitudeDegrees>60.183667140081525</LatitudeDegrees>
              <LongitudeDegrees>24.946351815015078</LongitudeDegrees>
            </Position>
            <AltitudeMeters>30.0</AltitudeMeters>
            <DistanceMeters>0.0</DistanceMeters>
            <HeartRateBpm>
              <Value>102</Value>
            </HeartRateBpm>
            <Extensions>
              <ns3:TPX>
                <ns3:Speed>0.41100001335144043</ns3:Speed>
              </ns3:TPX>
            </Extensions>
          </Trackpoint>
          <Trackpoint>
            <Time>2026-04-21T12:19:41.000Z</Time>
            <Position>
              <LatitudeDegrees>60.183578711003065</LatitudeDegrees>
              <LongitudeDegrees>24.946184009313583</LongitudeDegrees>
            </Position>
            <AltitudeMeters>30.0</AltitudeMeters>
            <DistanceMeters>0.0</DistanceMeters>
            <HeartRateBpm>
              <Value>103</Value>
            </HeartRateBpm>
            <Extensions>
              <ns3:TPX>
                <ns3:Speed>1.1380000114440918</ns3:Speed>
              </ns3:TPX>
            </Extensions>
          </Trackpoint>
          <Trackpoint>
            <Time>2026-04-21T12:19:43.000Z</Time>
            <Position>
              <LatitudeDegrees>60.18374911509454</LatitudeDegrees>
              <LongitudeDegrees>24.946588603779674</LongitudeDegrees>
            </Position>
            <AltitudeMeters>30.200000762939453</AltitudeMeters>
            <DistanceMeters>5.71999979019165</DistanceMeters>
            <HeartRateBpm>
              <Value>105</Value>
            </HeartRateBpm>
            <Extensions>
              <ns3:TPX>
                <ns3:Speed>2.697000026702881</ns3:Speed>
              </ns3:TPX>
            </Extensions>
          </Trackpoint>
          <Trackpoint>
            <Time>2026-04-21T12:19:47.000Z</Time>
            <Position>
              <LatitudeDegrees>60.18343278206885</LatitudeDegrees>
              <LongitudeDegrees>24.94655809365213</LongitudeDegrees>
            </Position>
            <AltitudeMeters>30.200000762939453</AltitudeMeters>
            <DistanceMeters>44.27000045776367</DistanceMeters>
            <HeartRateBpm>
              <Value>105</Value>
            </HeartRateBpm>
            <Extensions>
              <ns3:TPX>
                <ns3:Speed>5.560999870300293</ns3:Speed>
              </ns3:TPX>
            </Extensions>
          </Trackpoint>
          <Trackpoint>
            <Time>2026-04-21T12:19:49.000Z</Time>
            <Position>
              <LatitudeDegrees>60.183351561427116</LatitudeDegrees>
              <LongitudeDegrees>24.94669932872057</LongitudeDegrees>
            </Position>
            <AltitudeMeters>30.0</AltitudeMeters>
            <DistanceMeters>57.90999984741211</DistanceMeters>
            <HeartRateBpm>
              <Value>107</Value>
            </HeartRateBpm>
            <Extensions>
              <ns3:TPX>
                <ns3:Speed>5.4679999351501465</ns3:Speed>
              </ns3:TPX>
            </Extensions>
          </Trackpoint>
          <Trackpoint>
            <Time>2026-04-21T12:19:50.000Z</Time>
            <Position>
              <LatitudeDegrees>60.183318704366684</LatitudeDegrees>
              <LongitudeDegrees>24.94676780886948</LongitudeDegrees>
            </Position>
            <AltitudeMeters>30.0</AltitudeMeters>
            <DistanceMeters>63.84000015258789</DistanceMeters>
            <HeartRateBpm>
              <Value>107</Value>
            </HeartRateBpm>
            <Extensions>
              <ns3:TPX>
                <ns3:Speed>5.429999828338623</ns3:Speed>
              </ns3:TPX>
            </Extensions>
          </Trackpoint>
          <Trackpoint>
            <Time>2026-04-21T12:19:56.000Z</Time>
            <Position>
              <LatitudeDegrees>60.18313530832529</LatitudeDegrees>
              <LongitudeDegrees>24.947245744988322</LongitudeDegrees>
            </Position>
            <AltitudeMeters>29.200000762939453</AltitudeMeters>
            <DistanceMeters>97.4800033569336</DistanceMeters>
            <HeartRateBpm>
              <Value>107</Value>
            </HeartRateBpm>
            <Extensions>
              <ns3:TPX>
                <ns3:Speed>5.4120001792907715</ns3:Speed>
              </ns3:TPX>
            </Extensions>
          </Trackpoint>
          <Trackpoint>
            <Time>2026-04-21T12:19:59.000Z</Time>
            <Position>
              <LatitudeDegrees>60.18306691199541</LatitudeDegrees>
              <LongitudeDegrees>24.947492089122534</LongitudeDegrees>
            </Position>
            <AltitudeMeters>28.799999237060547</AltitudeMeters>
            <DistanceMeters>113.76000213623047</DistanceMeters>
            <HeartRateBpm>
              <Value>107</Value>
            </HeartRateBpm>
            <Extensions>
              <ns3:TPX>
                <ns3:Speed>3.9000000953674316</ns3:Speed>
              </ns3:TPX>
            </Extensions>
          </Trackpoint>
          <Trackpoint>
            <Time>2026-04-21T12:20:00.000Z</Time>
            <Position>
              <LatitudeDegrees>60.18307361751795</LatitudeDegrees>
              <LongitudeDegrees>24.947565933689475</LongitudeDegrees>
            </Position>
            <AltitudeMeters>28.600000381469727</AltitudeMeters>
            <DistanceMeters>117.66000366210938</DistanceMeters>
            <HeartRateBpm>
              <Value>107</Value>
            </HeartRateBpm>
            <Extensions>
              <ns3:TPX>
                <ns3:Speed>3.6760001182556152</ns3:Speed>
              </ns3:TPX>
            </Extensions>
          </Trackpoint>
          <Trackpoint>
            <Time>2026-04-21T12:20:02.000Z</Time>
            <Position>
              <LatitudeDegrees>60.18311829306185</LatitudeDegrees>
              <LongitudeDegrees>24.947739774361253</LongitudeDegrees>
            </Position>
            <AltitudeMeters>28.200000762939453</AltitudeMeters>
            <DistanceMeters>128.47000122070312</DistanceMeters>
            <HeartRateBpm>
              <Value>107</Value>
            </HeartRateBpm>
            <Extensions>
              <ns3:TPX>
                <ns3:Speed>4.749000072479248</ns3:Speed>
              </ns3:TPX>
            </Extensions>
          </Trackpoint>
          <Trackpoint>
            <Time>2026-04-21T12:20:03.000Z</Time>
            <Position>
              <LatitudeDegrees>60.18315567635</LatitudeDegrees>
              <LongitudeDegrees>24.947803979739547</LongitudeDegrees>
            </Position>
            <AltitudeMeters>28.0</AltitudeMeters>
            <DistanceMeters>133.9499969482422</DistanceMeters>
            <HeartRateBpm>
              <Value>106</Value>
            </HeartRateBpm>
            <Extensions>
              <ns3:TPX>
                <ns3:Speed>4.823999881744385</ns3:Speed>
              </ns3:TPX>
            </Extensions>
          </Trackpoint>
          <Trackpoint>
            <Time>2026-04-21T12:20:04.000Z</Time>
            <Position>
              <LatitudeDegrees>60.18319942988455</LatitudeDegrees>
              <LongitudeDegrees>24.94786667637527</LongitudeDegrees>
            </Position>
            <AltitudeMeters>27.799999237060547</AltitudeMeters>
            <DistanceMeters>139.85000610351562</DistanceMeters>
            <HeartRateBpm>
              <Value>105</Value>
            </HeartRateBpm>
            <Extensions>
              <ns3:TPX>
                <ns3:Speed>4.63700008392334</ns3:Speed>
              </ns3:TPX>
            </Extensions>
          </Trackpoint>
          <Trackpoint>
            <Time>2026-04-21T12:20:08.000Z</Time>
            <Position>
              <LatitudeDegrees>60.183314261958</LatitudeDegrees>
              <LongitudeDegrees>24.948062309995294</LongitudeDegrees>
            </Position>
            <AltitudeMeters>29.0</AltitudeMeters>
            <DistanceMeters>157.67999267578125</DistanceMeters>
            <HeartRateBpm>
              <Value>103</Value>
            </HeartRateBpm>
            <Extensions>
              <ns3:TPX>
                <ns3:Speed>3.23799991607666</ns3:Speed>
              </ns3:TPX>
            </Extensions>
          </Trackpoint>
          <Trackpoint>
            <Time>2026-04-21T12:20:11.000Z</Time>
            <Position>
              <LatitudeDegrees>60.1833766233176</LatitudeDegrees>
              <LongitudeDegrees>24.94811645708978</LongitudeDegrees>
            </Position>
            <AltitudeMeters>30.200000762939453</AltitudeMeters>
            <DistanceMeters>165.5800018310547</DistanceMeters>
            <HeartRateBpm>
              <Value>99</Value>
            </HeartRateBpm>
            <Extensions>
              <ns3:TPX>
                <ns3:Speed>2.874000072479248</ns3:Speed>
              </ns3:TPX>
            </Extensions>
          </Trackpoint>
          <Trackpoint>
            <Time>2026-04-21T12:20:12.000Z</Time>
            <Position>
              <LatitudeDegrees>60.18339464440942</LatitudeDegrees>
              <LongitudeDegrees>24.948135316371918</LongitudeDegrees>
            </Position>
            <AltitudeMeters>30.200000762939453</AltitudeMeters>
            <DistanceMeters>167.57000732421875</DistanceMeters>
            <HeartRateBpm>
              <Value>96</Value>
            </HeartRateBpm>
            <Extensions>
              <ns3:TPX>
                <ns3:Speed>2.7709999084472656</ns3:Speed>
              </ns3:TPX>
            </Extensions>
          </Trackpoint>
          <Trackpoint>
            <Time>2026-04-21T12:20:13.000Z</Time>
            <Position>
              <LatitudeDegrees>60.18341434188187</LatitudeDegrees>
              <LongitudeDegrees>24.94815300218761</LongitudeDegrees>
            </Position>
            <AltitudeMeters>30.600000381469727</AltitudeMeters>
            <DistanceMeters>169.7899932861328</DistanceMeters>
            <HeartRateBpm>
              <Value>96</Value>
            </HeartRateBpm>
            <Extensions>
              <ns3:TPX>
                <ns3:Speed>2.5380001068115234</ns3:Speed>
              </ns3:TPX>
            </Extensions>
          </Trackpoint>
          <Trackpoint>
            <Time>2026-04-21T12:20:15.000Z</Time>
            <Position>
              <LatitudeDegrees>60.18345692194998</LatitudeDegrees>
              <LongitudeDegrees>24.94818963110447</LongitudeDegrees>
            </Position>
            <AltitudeMeters>31.0</AltitudeMeters>
            <DistanceMeters>174.72999572753906</DistanceMeters>
            <HeartRateBpm>
              <Value>94</Value>
            </HeartRateBpm>
            <Extensions>
              <ns3:TPX>
                <ns3:Speed>2.743000030517578</ns3:Speed>
              </ns3:TPX>
            </Extensions>
          </Trackpoint>
          <Trackpoint>
            <Time>2026-04-21T12:20:16.000Z</Time>
            <Position>
              <LatitudeDegrees>60.18347821198404</LatitudeDegrees>
              <LongitudeDegrees>24.948211926966906</LongitudeDegrees>
            </Position>
            <AltitudeMeters>31.200000762939453</AltitudeMeters>
            <DistanceMeters>177.25</DistanceMeters>
            <HeartRateBpm>
              <Value>93</Value>
            </HeartRateBpm>
            <Extensions>
              <ns3:TPX>
                <ns3:Speed>2.677999973297119</ns3:Speed>
              </ns3:TPX>
            </Extensions>
          </Trackpoint>
          <Trackpoint>
            <Time>2026-04-21T12:20:20.000Z</Time>
            <Position>
              <LatitudeDegrees>60.183570832014084</LatitudeDegrees>
              <LongitudeDegrees>24.948320975527167</LongitudeDegrees>
            </Position>
            <AltitudeMeters>32.599998474121094</AltitudeMeters>
            <DistanceMeters>189.32000732421875</DistanceMeters>
            <HeartRateBpm>
              <Value>94</Value>
            </HeartRateBpm>
            <Extensions>
              <ns3:TPX>
                <ns3:Speed>2.8369998931884766</ns3:Speed>
              </ns3:TPX>
            </Extensions>
          </Trackpoint>
          <Trackpoint>
            <Time>2026-04-21T12:20:24.000Z</Time>
            <Position>
              <LatitudeDegrees>60.18365414813161</LatitudeDegrees>
              <LongitudeDegrees>24.948430443182588</LongitudeDegrees>
            </Position>
            <AltitudeMeters>33.79999923706055</AltitudeMeters>
            <DistanceMeters>200.66000366210938</DistanceMeters>
            <HeartRateBpm>
              <Value>97</Value>
            </HeartRateBpm>
            <Extensions>
              <ns3:TPX>
                <ns3:Speed>2.6589999198913574</ns3:Speed>
              </ns3:TPX>
            </Extensions>
          </Trackpoint>
          <Trackpoint>
            <Time>2026-04-21T12:20:25.000Z</Time>
            <Position>
              <LatitudeDegrees>60.18367426469922</LatitudeDegrees>
              <LongitudeDegrees>24.948450475931168</LongitudeDegrees>
            </Position>
            <AltitudeMeters>34.0</AltitudeMeters>
            <DistanceMeters>202.9499969482422</DistanceMeters>
            <HeartRateBpm>
              <Value>98</Value>
            </HeartRateBpm>
            <Extensions>
              <ns3:TPX>
                <ns3:Speed>2.677999973297119</ns3:Speed>
              </ns3:TPX>
            </Extensions>
          </Trackpoint>
          <Trackpoint>
            <Time>2026-04-21T12:20:27.000Z</Time>
            <Position>
              <LatitudeDegrees>60.183715000748634</LatitudeDegrees>
              <LongitudeDegrees>24.948503030464053</LongitudeDegrees>
            </Position>
            <AltitudeMeters>35.0</AltitudeMeters>
            <DistanceMeters>207.83999633789062</DistanceMeters>
            <HeartRateBpm>
              <Value>100</Value>
            </HeartRateBpm>
            <Extensions>
              <ns3:TPX>
                <ns3:Speed>2.9019999504089355</ns3:Speed>
              </ns3:TPX>
            </Extensions>
          </Trackpoint>
          <Trackpoint>
            <Time>2026-04-21T12:20:29.000Z</Time>
            <Position>
              <LatitudeDegrees>60.18375959247351</LatitudeDegrees>
              <LongitudeDegrees>24.948583161458373</LongitudeDegrees>
            </Position>
            <AltitudeMeters>36.400001525878906</AltitudeMeters>
            <DistanceMeters>213.5399932861328</DistanceMeters>
            <HeartRateBpm>
              <Value>103</Value>
            </HeartRateBpm>
            <Extensions>
              <ns3:TPX>
                <ns3:Speed>2.9019999504089355</ns3:Speed>
              </ns3:TPX>
            </Extensions>
          </Trackpoint>
          <Trackpoint>
            <Time>2026-04-21T12:20:31.000Z</Time>
            <Position>
              <LatitudeDegrees>60.18380552530289</LatitudeDegrees>
              <LongitudeDegrees>24.94871056638658</LongitudeDegrees>
            </Position>
            <AltitudeMeters>37.20000076293945</AltitudeMeters>
            <DistanceMeters>222.27000427246094</DistanceMeters>
            <HeartRateBpm>
              <Value>105</Value>
            </HeartRateBpm>
            <Extensions>
              <ns3:TPX>
                <ns3:Speed>2.994999885559082</ns3:Speed>
              </ns3:TPX>
            </Extensions>
          </Trackpoint>
          <Trackpoint>
            <Time>2026-04-21T12:20:32.000Z</Time>
            <Position>
              <LatitudeDegrees>60.18381139263511</LatitudeDegrees>
              <LongitudeDegrees>24.948782734572887</LongitudeDegrees>
            </Position>
            <AltitudeMeters>37.400001525878906</AltitudeMeters>
            <DistanceMeters>226.35000610351562</DistanceMeters>
            <HeartRateBpm>
              <Value>105</Value>
            </HeartRateBpm>
            <Extensions>
              <ns3:TPX>
                <ns3:Speed>3.134999990463257</ns3:Speed>
              </ns3:TPX>
            </Extensions>
          </Trackpoint>
          <Trackpoint>
            <Time>2026-04-21T12:20:34.000Z</Time>
            <Position>
              <LatitudeDegrees>60.18380141817033</LatitudeDegrees>
              <LongitudeDegrees>24.94894500821829</LongitudeDegrees>
            </Position>
            <AltitudeMeters>37.599998474121094</AltitudeMeters>
            <DistanceMeters>235.58999633789062</DistanceMeters>
            <HeartRateBpm>
              <Value>106</Value>
            </HeartRateBpm>
            <Extensions>
              <ns3:TPX>
                <ns3:Speed>3.947000026702881</ns3:Speed>
              </ns3:TPX>
            </Extensions>
          </Trackpoint>
          <Trackpoint>
            <Time>2026-04-21T12:20:36.000Z</Time>
            <Position>
              <LatitudeDegrees>60.183745846152306</LatitudeDegrees>
              <LongitudeDegrees>24.949090853333473</LongitudeDegrees>
            </Position>
            <AltitudeMeters>37.79999923706055</AltitudeMeters>
            <DistanceMeters>245.75</DistanceMeters>
            <HeartRateBpm>
              <Value>106</Value>
            </HeartRateBpm>
            <Extensions>
              <ns3:TPX>
                <ns3:Speed>4.572000026702881</ns3:Speed>
              </ns3:TPX>
            </Extensions>
          </Trackpoint>
          <Trackpoint>
            <Time>2026-04-21T12:20:38.000Z</Time>
            <Position>
              <LatitudeDegrees>60.18368197605014</LatitudeDegrees>
              <LongitudeDegrees>24.949233178049326</LongitudeDegrees>
            </Position>
            <AltitudeMeters>37.599998474121094</AltitudeMeters>
            <DistanceMeters>256.510009765625</DistanceMeters>
            <HeartRateBpm>
              <Value>107</Value>
            </HeartRateBpm>
            <Extensions>
              <ns3:TPX>
                <ns3:Speed>4.544000148773193</ns3:Speed>
              </ns3:TPX>
            </Extensions>
          </Trackpoint>
          <Trackpoint>
            <Time>2026-04-21T12:20:40.000Z</Time>
            <Position>
              <LatitudeDegrees>60.18364920280874</LatitudeDegrees>
              <LongitudeDegrees>24.94938924908638</LongitudeDegrees>
            </Position>
            <AltitudeMeters>36.79999923706055</AltitudeMeters>
            <DistanceMeters>265.9599914550781</DistanceMeters>
            <HeartRateBpm>
              <Value>107</Value>
            </HeartRateBpm>
            <Extensions>
              <ns3:TPX>
                <ns3:Speed>4.432000160217285</ns3:Speed>
              </ns3:TPX>
            </Extensions>
          </Trackpoint>
          <Trackpoint>
            <Time>2026-04-21T12:20:41.000Z</Time>
            <Position>
              <LatitudeDegrees>60.183656830340624</LatitudeDegrees>
              <LongitudeDegrees>24.949471140280366</LongitudeDegrees>
            </Position>
            <AltitudeMeters>36.400001525878906</AltitudeMeters>
            <DistanceMeters>270.3800048828125</DistanceMeters>
            <HeartRateBpm>
              <Value>107</Value>
            </HeartRateBpm>
            <Extensions>
              <ns3:TPX>
                <ns3:Speed>4.591000080108643</ns3:Speed>
              </ns3:TPX>
            </Extensions>
          </Trackpoint>
          <Trackpoint>
            <Time>2026-04-21T12:20:42.000Z</Time>
            <Position>
              <LatitudeDegrees>60.18367669545114</LatitudeDegrees>
              <LongitudeDegrees>24.949543811380863</LongitudeDegrees>
            </Position>
            <AltitudeMeters>36.0</AltitudeMeters>
            <DistanceMeters>274.8500061035156</DistanceMeters>
            <HeartRateBpm>
              <Value>108</Value>
            </HeartRateBpm>
            <Extensions>
              <ns3:TPX>
                <ns3:Speed>4.591000080108643</ns3:Speed>
              </ns3:TPX>
            </Extensions>
          </Trackpoint>
          <Trackpoint>
            <Time>2026-04-21T12:20:44.000Z</Time>
            <Position>
              <LatitudeDegrees>60.18373788334429</LatitudeDegrees>
              <LongitudeDegrees>24.94967758655548</LongitudeDegrees>
            </Position>
            <AltitudeMeters>35.599998474121094</AltitudeMeters>
            <DistanceMeters>284.5899963378906</DistanceMeters>
            <HeartRateBpm>
              <Value>108</Value>
            </HeartRateBpm>
            <Extensions>
              <ns3:TPX>
                <ns3:Speed>4.982999801635742</ns3:Speed>
              </ns3:TPX>
            </Extensions>
          </Trackpoint>
          <Trackpoint>
            <Time>2026-04-21T12:20:46.000Z</Time>
            <Position>
              <LatitudeDegrees>60.18382069654763</LatitudeDegrees>
              <LongitudeDegrees>24.949777415022254</LongitudeDegrees>
            </Position>
            <AltitudeMeters>36.20000076293945</AltitudeMeters>
            <DistanceMeters>295.2799987792969</DistanceMeters>
            <HeartRateBpm>
              <Value>109</Value>
            </HeartRateBpm>
            <Extensions>
              <ns3:TPX>
                <ns3:Speed>5.300000190734863</ns3:Speed>
              </ns3:TPX>
            </Extensions>
          </Trackpoint>
          <Trackpoint>
            <Time>2026-04-21T12:20:47.000Z</Time>
            <Position>
              <LatitudeDegrees>60.18385648727417</LatitudeDegrees>
              <LongitudeDegrees>24.949840446934104</LongitudeDegrees>
            </Position>
            <AltitudeMeters>36.599998474121094</AltitudeMeters>
            <DistanceMeters>300.4599914550781</DistanceMeters>
            <HeartRateBpm>
              <Value>109</Value>
            </HeartRateBpm>
            <Extensions>
              <ns3:TPX>
                <ns3:Speed>5.421000003814697</ns3:Speed>
              </ns3:TPX>
            </Extensions>
          </Trackpoint>
          <Trackpoint>
            <Time>2026-04-21T12:20:49.000Z</Time>
            <Position>
              <LatitudeDegrees>60.183922117576</LatitudeDegrees>
              <LongitudeDegrees>24.94997665286064</LongitudeDegrees>
            </Position>
            <AltitudeMeters>37.599998474121094</AltitudeMeters>
            <DistanceMeters>311.3299865722656</DistanceMeters>
            <HeartRateBpm>
              <Value>110</Value>
            </HeartRateBpm>
            <Extensions>
              <ns3:TPX>
                <ns3:Speed>4.730999946594238</ns3:Speed>
              </ns3:TPX>
            </Extensions>
          </Trackpoint>
          <Trackpoint>
            <Time>2026-04-21T12:20:50.000Z</Time>
            <Position>
              <LatitudeDegrees>60.18395614810288</LatitudeDegrees>
              <LongitudeDegrees>24.950035577639937</LongitudeDegrees>
            </Position>
            <AltitudeMeters>37.400001525878906</AltitudeMeters>
            <DistanceMeters>316.0199890136719</DistanceMeters>
            <HeartRateBpm>
              <Value>109</Value>
            </HeartRateBpm>
            <Extensions>
              <ns3:TPX>
                <ns3:Speed>5.309000015258789</ns3:Speed>
              </ns3:TPX>
            </Extensions>
          </Trackpoint>
          <Trackpoint>
            <Time>2026-04-21T12:20:55.000Z</Time>
            <Position>
              <LatitudeDegrees>60.1841639354825</LatitudeDegrees>
              <LongitudeDegrees>24.9503639806062</LongitudeDegrees>
            </Position>
            <AltitudeMeters>36.599998474121094</AltitudeMeters>
            <DistanceMeters>343.989990234375</DistanceMeters>
            <HeartRateBpm>
              <Value>111</Value>
            </HeartRateBpm>
            <Extensions>
              <ns3:TPX>
                <ns3:Speed>6.289000034332275</ns3:Speed>
              </ns3:TPX>
            </Extensions>
          </Trackpoint>
          <Trackpoint>
            <Time>2026-04-21T12:20:56.000Z</Time>
            <Position>
              <LatitudeDegrees>60.18418187275529</LatitudeDegrees>
              <LongitudeDegrees>24.950476549565792</LongitudeDegrees>
            </Position>
            <AltitudeMeters>36.599998474121094</AltitudeMeters>
            <DistanceMeters>350.44000244140625</DistanceMeters>
            <HeartRateBpm>
              <Value>110</Value>
            </HeartRateBpm>
            <Extensions>
              <ns3:TPX>
                <ns3:Speed>6.316999912261963</ns3:Speed>
              </ns3:TPX>
            </Extensions>
          </Trackpoint>
          <Trackpoint>
            <Time>2026-04-21T12:20:57.000Z</Time>
            <Position>
              <LatitudeDegrees>60.1841967087239</LatitudeDegrees>
              <LongitudeDegrees>24.950591968372464</LongitudeDegrees>
            </Position>
            <AltitudeMeters>36.79999923706055</AltitudeMeters>
            <DistanceMeters>357.1199951171875</DistanceMeters>
            <HeartRateBpm>
              <Value>111</Value>
            </HeartRateBpm>
            <Extensions>
              <ns3:TPX>
                <ns3:Speed>6.297999858856201</ns3:Speed>
              </ns3:TPX>
            </Extensions>
          </Trackpoint>
          <Trackpoint>
            <Time>2026-04-21T12:20:59.000Z</Time>
            <Position>
              <LatitudeDegrees>60.18421028740704</LatitudeDegrees>
              <LongitudeDegrees>24.950835295021534</LongitudeDegrees>
            </Position>
            <AltitudeMeters>37.400001525878906</AltitudeMeters>
            <DistanceMeters>370.9200134277344</DistanceMeters>
            <HeartRateBpm>
              <Value>112</Value>
            </HeartRateBpm>
            <Extensions>
              <ns3:TPX>
                <ns3:Speed>6.47599983215332</ns3:Speed>
              </ns3:TPX>
            </Extensions>
          </Trackpoint>
          <Trackpoint>
            <Time>2026-04-21T12:21:00.000Z</Time>
            <Position>
              <LatitudeDegrees>60.18420794047415</LatitudeDegrees>
              <LongitudeDegrees>24.950958844274282</LongitudeDegrees>
            </Position>
            <AltitudeMeters>37.400001525878906</AltitudeMeters>
            <DistanceMeters>377.79998779296875</DistanceMeters>
            <HeartRateBpm>
              <Value>112</Value>
            </HeartRateBpm>
            <Extensions>
              <ns3:TPX>
                <ns3:Speed>6.550000190734863</ns3:Speed>
              </ns3:TPX>
            </Extensions>
          </Trackpoint>
          <Trackpoint>
            <Time>2026-04-21T12:21:01.000Z</Time>
            <Position>
              <LatitudeDegrees>60.18418765626848</LatitudeDegrees>
              <LongitudeDegrees>24.951079543679953</LongitudeDegrees>
            </Position>
            <AltitudeMeters>37.20000076293945</AltitudeMeters>
            <DistanceMeters>384.6400146484375</DistanceMeters>
            <HeartRateBpm>
              <Value>112</Value>
            </HeartRateBpm>
            <Extensions>
              <ns3:TPX>
                <ns3:Speed>6.876999855041504</ns3:Speed>
              </ns3:TPX>
            </Extensions>
          </Trackpoint>
          <Trackpoint>
            <Time>2026-04-21T12:21:03.000Z</Time>
            <Position>
              <LatitudeDegrees>60.18411892466247</LatitudeDegrees>
              <LongitudeDegrees>24.95130459778011</LongitudeDegrees>
            </Position>
            <AltitudeMeters>35.79999923706055</AltitudeMeters>
            <DistanceMeters>399.2099914550781</DistanceMeters>
            <HeartRateBpm>
              <Value>113</Value>
            </HeartRateBpm>
            <Extensions>
              <ns3:TPX>
                <ns3:Speed>6.960999965667725</ns3:Speed>
              </ns3:TPX>
            </Extensions>
          </Trackpoint>
          <Trackpoint>
            <Time>2026-04-21T12:21:06.000Z</Time>
            <Position>
              <LatitudeDegrees>60.18398498184979</LatitudeDegrees>
              <LongitudeDegrees>24.951626379042864</LongitudeDegrees>
            </Position>
            <AltitudeMeters>34.599998474121094</AltitudeMeters>
            <DistanceMeters>423.07000732421875</DistanceMeters>
            <HeartRateBpm>
              <Value>112</Value>
            </HeartRateBpm>
            <Extensions>
              <ns3:TPX>
                <ns3:Speed>7.548999786376953</ns3:Speed>
              </ns3:TPX>
            </Extensions>
          </Trackpoint>
          <Trackpoint>
            <Time>2026-04-21T12:21:08.000Z</Time>
            <Position>
              <LatitudeDegrees>60.183887751773</LatitudeDegrees>
              <LongitudeDegrees>24.951835004612803</LongitudeDegrees>
            </Position>
            <AltitudeMeters>33.599998474121094</AltitudeMeters>
            <DistanceMeters>438.30999755859375</DistanceMeters>
            <HeartRateBpm>
              <Value>114</Value>
            </HeartRateBpm>
            <Extensions>
              <ns3:TPX>
                <ns3:Speed>7.763000011444092</ns3:Speed>
              </ns3:TPX>
            </Extensions>
          </Trackpoint>
          <Trackpoint>
            <Time>2026-04-21T12:21:09.000Z</Time>
            <Position>
              <LatitudeDegrees>60.18383653834462</LatitudeDegrees>
              <LongitudeDegrees>24.951944891363382</LongitudeDegrees>
            </Position>
            <AltitudeMeters>33.400001525878906</AltitudeMeters>
            <DistanceMeters>446.6499938964844</DistanceMeters>
            <HeartRateBpm>
              <Value>115</Value>
            </HeartRateBpm>
            <Extensions>
              <ns3:TPX>
                <ns3:Speed>7.7820000648498535</ns3:Speed>
              </ns3:TPX>
            </Extensions>
          </Trackpoint>
          <Trackpoint>
            <Time>2026-04-21T12:21:16.000Z</Time>
            <Position>
              <LatitudeDegrees>60.183498580008745</LatitudeDegrees>
              <LongitudeDegrees>24.95271577499807</LongitudeDegrees>
            </Position>
            <AltitudeMeters>33.20000076293945</AltitudeMeters>
            <DistanceMeters>504.19000244140625</DistanceMeters>
            <HeartRateBpm>
              <Value>113</Value>
            </HeartRateBpm>
            <Extensions>
              <ns3:TPX>
                <ns3:Speed>7.855999946594238</ns3:Speed>
              </ns3:TPX>
            </Extensions>
          </Trackpoint>
          <Trackpoint>
            <Time>2026-04-21T12:21:22.000Z</Time>
            <Position>
              <LatitudeDegrees>60.18324603326619</LatitudeDegrees>
              <LongitudeDegrees>24.953286834061146</LongitudeDegrees>
            </Position>
            <AltitudeMeters>32.599998474121094</AltitudeMeters>
            <DistanceMeters>546.469970703125</DistanceMeters>
            <HeartRateBpm>
              <Value>112</Value>
            </HeartRateBpm>
            <Extensions>
              <ns3:TPX>
                <ns3:Speed>6.614999771118164</ns3:Speed>
              </ns3:TPX>
            </Extensions>
          </Trackpoint>
          <Trackpoint>
            <Time>2026-04-21T12:21:23.000Z</Time>
            <Position>
              <LatitudeDegrees>60.183207811787724</LatitudeDegrees>
              <LongitudeDegrees>24.953373922035098</LongitudeDegrees>
            </Position>
            <AltitudeMeters>32.400001525878906</AltitudeMeters>
            <DistanceMeters>552.8300170898438</DistanceMeters>
            <HeartRateBpm>
              <Value>112</Value>
            </HeartRateBpm>
            <Extensions>
              <ns3:TPX>
                <ns3:Speed>6.392000198364258</ns3:Speed>
              </ns3:TPX>
            </Extensions>
          </Trackpoint>
          <Trackpoint>
            <Time>2026-04-21T12:21:28.000Z</Time>
            <Position>
              <LatitudeDegrees>60.18302148208022</LatitudeDegrees>
              <LongitudeDegrees>24.95381321758032</LongitudeDegrees>
            </Position>
            <AltitudeMeters>31.399999618530273</AltitudeMeters>
            <DistanceMeters>585.27001953125</DistanceMeters>
            <HeartRateBpm>
              <Value>111</Value>
            </HeartRateBpm>
            <Extensions>
              <ns3:TPX>
                <ns3:Speed>6.988999843597412</ns3:Speed>
              </ns3:TPX>
            </Extensions>
          </Trackpoint>
          <Trackpoint>
            <Time>2026-04-21T12:21:29.000Z</Time>
            <Position>
              <LatitudeDegrees>60.18298175185919</LatitudeDegrees>
              <LongitudeDegrees>24.953924026340246</LongitudeDegrees>
            </Position>
            <AltitudeMeters>31.200000762939453</AltitudeMeters>
            <DistanceMeters>592.3499755859375</DistanceMeters>
            <HeartRateBpm>
              <Value>111</Value>
            </HeartRateBpm>
            <Extensions>
              <ns3:TPX>
                <ns3:Speed>7.427000045776367</ns3:Speed>
              </ns3:TPX>
            </Extensions>
          </Trackpoint>
          <Trackpoint>
            <Time>2026-04-21T12:21:32.000Z</Time>
            <Position>
              <LatitudeDegrees>60.182842863723636</LatitudeDegrees>
              <LongitudeDegrees>24.95428880676627</LongitudeDegrees>
            </Position>
            <AltitudeMeters>30.0</AltitudeMeters>
            <DistanceMeters>616.6099853515625</DistanceMeters>
            <HeartRateBpm>
              <Value>111</Value>
            </HeartRateBpm>
            <Extensions>
              <ns3:TPX>
                <ns3:Speed>8.696000099182129</ns3:Speed>
              </ns3:TPX>
            </Extensions>
          </Trackpoint>
          <Trackpoint>
            <Time>2026-04-21T12:21:33.000Z</Time>
            <Position>
              <LatitudeDegrees>60.182786621153355</LatitudeDegrees>
              <LongitudeDegrees>24.954428365454078</LongitudeDegrees>
            </Position>
            <AltitudeMeters>29.399999618530273</AltitudeMeters>
            <DistanceMeters>626.8200073242188</DistanceMeters>
            <HeartRateBpm>
              <Value>111</Value>
            </HeartRateBpm>
            <Extensions>
              <ns3:TPX>
                <ns3:Speed>9.02299976348877</ns3:Speed>
              </ns3:TPX>
            </Extensions>
          </Trackpoint>
          <Trackpoint>
            <Time>2026-04-21T12:21:35.000Z</Time>
            <Position>
              <LatitudeDegrees>60.18267740495503</LatitudeDegrees>
              <LongitudeDegrees>24.95470547117293</LongitudeDegrees>
            </Position>
            <AltitudeMeters>28.200000762939453</AltitudeMeters>
            <DistanceMeters>647.8900146484375</DistanceMeters>
            <HeartRateBpm>
              <Value>111</Value>
            </HeartRateBpm>
            <Extensions>
              <ns3:TPX>
                <ns3:Speed>9.041000366210938</ns3:Speed>
              </ns3:TPX>
            </Extensions>
          </Trackpoint>
          <Trackpoint>
            <Time>2026-04-21T12:21:38.000Z</Time>
            <Position>
              <LatitudeDegrees>60.182516891509295</LatitudeDegrees>
              <LongitudeDegrees>24.955130852758884</LongitudeDegrees>
            </Position>
            <AltitudeMeters>26.399999618530273</AltitudeMeters>
            <DistanceMeters>677.3499755859375</DistanceMeters>
            <HeartRateBpm>
              <Value>110</Value>
            </HeartRateBpm>
            <Extensions>
              <ns3:TPX>
                <ns3:Speed>10.253999710083008</ns3:Speed>
              </ns3:TPX>
            </Extensions>
          </Trackpoint>
          <Trackpoint>
            <Time>2026-04-21T12:21:39.000Z</Time>
            <Position>
              <LatitudeDegrees>60.182455284520984</LatitudeDegrees>
              <LongitudeDegrees>24.955280972644687</LongitudeDegrees>
            </Position>
            <AltitudeMeters>25.399999618530273</AltitudeMeters>
            <DistanceMeters>687.5499877929688</DistanceMeters>
            <HeartRateBpm>
              <Value>109</Value>
            </HeartRateBpm>
            <Extensions>
              <ns3:TPX>
                <ns3:Speed>10.534000396728516</ns3:Speed>
              </ns3:TPX>
            </Extensions>
          </Trackpoint>
          <Trackpoint>
            <Time>2026-04-21T12:21:40.000Z</Time>
            <Position>
              <LatitudeDegrees>60.18239954486489</LatitudeDegrees>
              <LongitudeDegrees>24.955429080873728</LongitudeDegrees>
            </Position>
            <AltitudeMeters>24.600000381469727</AltitudeMeters>
            <DistanceMeters>697.9600219726562</DistanceMeters>
            <HeartRateBpm>
              <Value>108</Value>
            </HeartRateBpm>
            <Extensions>
              <ns3:TPX>
                <ns3:Speed>10.039999961853027</ns3:Speed>
              </ns3:TPX>
            </Extensions>
          </Trackpoint>
          <Trackpoint>
            <Time>2026-04-21T12:21:42.000Z</Time>
            <Position>
              <LatitudeDegrees>60.18232813104987</LatitudeDegrees>
              <LongitudeDegrees>24.955691685900092</LongitudeDegrees>
            </Position>
            <AltitudeMeters>22.200000762939453</AltitudeMeters>
            <DistanceMeters>715.0599975585938</DistanceMeters>
            <HeartRateBpm>
              <Value>107</Value>
            </HeartRateBpm>
            <Extensions>
              <ns3:TPX>
                <ns3:Speed>7.493000030517578</ns3:Speed>
              </ns3:TPX>
            </Extensions>
          </Trackpoint>
          <Trackpoint>
            <Time>2026-04-21T12:21:43.000Z</Time>
            <Position>
              <LatitudeDegrees>60.18230717629194</LatitudeDegrees>
              <LongitudeDegrees>24.955809032544494</LongitudeDegrees>
            </Position>
            <AltitudeMeters>21.399999618530273</AltitudeMeters>
            <DistanceMeters>721.8300170898438</DistanceMeters>
            <HeartRateBpm>
              <Value>107</Value>
            </HeartRateBpm>
            <Extensions>
              <ns3:TPX>
                <ns3:Speed>6.1579999923706055</ns3:Speed>
              </ns3:TPX>
            </Extensions>
          </Trackpoint>
          <Trackpoint>
            <Time>2026-04-21T12:21:44.000Z</Time>
            <Position>
              <LatitudeDegrees>60.18226786516607</LatitudeDegrees>
              <LongitudeDegrees>24.955902071669698</LongitudeDegrees>
            </Position>
            <AltitudeMeters>20.399999618530273</AltitudeMeters>
            <DistanceMeters>727.8099975585938</DistanceMeters>
            <HeartRateBpm>
              <Value>107</Value>
            </HeartRateBpm>
            <Extensions>
              <ns3:TPX>
                <ns3:Speed>5.541999816894531</ns3:Speed>
              </ns3:TPX>
            </Extensions>
          </Trackpoint>
          <Trackpoint>
            <Time>2026-04-21T12:21:46.000Z</Time>
            <Position>
              <LatitudeDegrees>60.18216585740447</LatitudeDegrees>
              <LongitudeDegrees>24.955945992842317</LongitudeDegrees>
            </Position>
            <AltitudeMeters>19.600000381469727</AltitudeMeters>
            <DistanceMeters>740.4099731445312</DistanceMeters>
            <HeartRateBpm>
              <Value>107</Value>
            </HeartRateBpm>
            <Extensions>
              <ns3:TPX>
                <ns3:Speed>5.4770002365112305</ns3:Speed>
              </ns3:TPX>
            </Extensions>
          </Trackpoint>
          <Trackpoint>
            <Time>2026-04-21T12:21:47.000Z</Time>
            <Position>
              <LatitudeDegrees>60.18213082104921</LatitudeDegrees>
              <LongitudeDegrees>24.955871729180217</LongitudeDegrees>
            </Position>
            <AltitudeMeters>19.0</AltitudeMeters>
            <DistanceMeters>746.260009765625</DistanceMeters>
            <HeartRateBpm>
              <Value>107</Value>
            </HeartRateBpm>
            <Extensions>
              <ns3:TPX>
                <ns3:Speed>5.355999946594238</ns3:Speed>
              </ns3:TPX>
            </Extensions>
          </Trackpoint>
          <Trackpoint>
            <Time>2026-04-21T12:21:49.000Z</Time>
            <Position>
              <LatitudeDegrees>60.182061502709985</LatitudeDegrees>
              <LongitudeDegrees>24.955719597637653</LongitudeDegrees>
            </Position>
            <AltitudeMeters>18.600000381469727</AltitudeMeters>
            <DistanceMeters>757.4099731445312</DistanceMeters>
            <HeartRateBpm>
              <Value>108</Value>
            </HeartRateBpm>
            <Extensions>
              <ns3:TPX>
                <ns3:Speed>5.188000202178955</ns3:Speed>
              </ns3:TPX>
            </Extensions>
          </Trackpoint>
          <Trackpoint>
            <Time>2026-04-21T12:21:51.000Z</Time>
            <Position>
              <LatitudeDegrees>60.18198908306658</LatitudeDegrees>
              <LongitudeDegrees>24.955565789714456</LongitudeDegrees>
            </Position>
            <AltitudeMeters>18.0</AltitudeMeters>
            <DistanceMeters>769.2100219726562</DistanceMeters>
            <HeartRateBpm>
              <Value>108</Value>
            </HeartRateBpm>
            <Extensions>
              <ns3:TPX>
                <ns3:Speed>5.047999858856201</ns3:Speed>
              </ns3:TPX>
            </Extensions>
          </Trackpoint>
          <Trackpoint>
            <Time>2026-04-21T12:21:54.000Z</Time>
            <Position>
              <LatitudeDegrees>60.18191255629063</LatitudeDegrees>
              <LongitudeDegrees>24.955381890758872</LongitudeDegrees>
            </Position>
            <AltitudeMeters>17.200000762939453</AltitudeMeters>
            <DistanceMeters>783.02001953125</DistanceMeters>
            <HeartRateBpm>
              <Value>108</Value>
            </HeartRateBpm>
            <Extensions>
              <ns3:TPX>
                <ns3:Speed>3.7230000495910645</ns3:Speed>
              </ns3:TPX>
            </Extensions>
          </Trackpoint>
          <Trackpoint>
            <Time>2026-04-21T12:21:55.000Z</Time>
            <Position>
              <LatitudeDegrees>60.18190920352936</LatitudeDegrees>
              <LongitudeDegrees>24.955346267670393</LongitudeDegrees>
            </Position>
            <AltitudeMeters>17.0</AltitudeMeters>
            <DistanceMeters>785.25</DistanceMeters>
            <HeartRateBpm>
              <Value>108</Value>
            </HeartRateBpm>
            <Extensions>
              <ns3:TPX>
                <ns3:Speed>1.9220000505447388</ns3:Speed>
              </ns3:TPX>
            </Extensions>
          </Trackpoint>
          <Trackpoint>
            <Time>2026-04-21T12:21:56.000Z</Time>
            <Position>
              <LatitudeDegrees>60.181893948465586</LatitudeDegrees>
              <LongitudeDegrees>24.95531089603901</LongitudeDegrees>
            </Position>
            <AltitudeMeters>16.799999237060547</AltitudeMeters>
            <DistanceMeters>787.4099731445312</DistanceMeters>
            <HeartRateBpm>
              <Value>108</Value>
            </HeartRateBpm>
            <Extensions>
              <ns3:TPX>
                <ns3:Speed>2.2109999656677246</ns3:Speed>
              </ns3:TPX>
            </Extensions>
          </Trackpoint>
          <Trackpoint>
            <Time>2026-04-21T12:21:57.000Z</Time>
            <Position>
              <LatitudeDegrees>60.18188229762018</LatitudeDegrees>
              <LongitudeDegrees>24.955289773643017</LongitudeDegrees>
            </Position>
            <AltitudeMeters>16.600000381469727</AltitudeMeters>
            <DistanceMeters>789.489990234375</DistanceMeters>
            <HeartRateBpm>
              <Value>108</Value>
            </HeartRateBpm>
            <Extensions>
              <ns3:TPX>
                <ns3:Speed>1.399999976158142</ns3:Speed>
              </ns3:TPX>
            </Extensions>
          </Trackpoint>
          <Trackpoint>
            <Time>2026-04-21T12:21:59.000Z</Time>
            <Position>
              <LatitudeDegrees>60.18188246525824</LatitudeDegrees>
              <LongitudeDegrees>24.955274686217308</LongitudeDegrees>
            </Position>
            <AltitudeMeters>16.399999618530273</AltitudeMeters>
            <DistanceMeters>790.0399780273438</DistanceMeters>
            <HeartRateBpm>
              <Value>108</Value>
            </HeartRateBpm>
            <Extensions>
              <ns3:TPX>
                <ns3:Speed>0.0</ns3:Speed>
              </ns3:TPX>
            </Extensions>
          </Trackpoint>
          <Trackpoint>
            <Time>2026-04-21T12:23:54.000Z</Time>
            <Position>
              <LatitudeDegrees>60.18170837312937</LatitudeDegrees>
              <LongitudeDegrees>24.955513402819633</LongitudeDegrees>
            </Position>
            <AltitudeMeters>13.399999618530273</AltitudeMeters>
            <DistanceMeters>790.0399780273438</DistanceMeters>
            <HeartRateBpm>
              <Value>88</Value>
            </HeartRateBpm>
            <Extensions>
              <ns3:TPX>
                <ns3:Speed>1.3250000476837158</ns3:Speed>
              </ns3:TPX>
            </Extensions>
          </Trackpoint>
          <Trackpoint>
            <Time>2026-04-21T12:23:55.000Z</Time>
            <Position>
              <LatitudeDegrees>60.18169856630266</LatitudeDegrees>
              <LongitudeDegrees>24.95554550550878</LongitudeDegrees>
            </Position>
            <AltitudeMeters>12.800000190734863</AltitudeMeters>
            <DistanceMeters>792.1099853515625</DistanceMeters>
            <HeartRateBpm>
              <Value>88</Value>
            </HeartRateBpm>
            <Extensions>
              <ns3:TPX>
                <ns3:Speed>1.5119999647140503</ns3:Speed>
              </ns3:TPX>
            </Extensions>
          </Trackpoint>
          <Trackpoint>
            <Time>2026-04-21T12:23:56.000Z</Time>
            <Position>
              <LatitudeDegrees>60.18168616108596</LatitudeDegrees>
              <LongitudeDegrees>24.955581547692418</LongitudeDegrees>
            </Position>
            <AltitudeMeters>12.0</AltitudeMeters>
            <DistanceMeters>794.5399780273438</DistanceMeters>
            <HeartRateBpm>
              <Value>88</Value>
            </HeartRateBpm>
            <Extensions>
              <ns3:TPX>
                <ns3:Speed>1.809999942779541</ns3:Speed>
              </ns3:TPX>
            </Extensions>
          </Trackpoint>
          <Trackpoint>
            <Time>2026-04-21T12:23:59.000Z</Time>
            <Position>
              <LatitudeDegrees>60.18194876611233</LatitudeDegrees>
              <LongitudeDegrees>24.955215845257044</LongitudeDegrees>
            </Position>
            <AltitudeMeters>11.0</AltitudeMeters>
            <DistanceMeters>802.4400024414062</DistanceMeters>
            <HeartRateBpm>
              <Value>87</Value>
            </HeartRateBpm>
            <Extensions>
              <ns3:TPX>
                <ns3:Speed>2.5190000534057617</ns3:Speed>
              </ns3:TPX>
            </Extensions>
          </Trackpoint>
          <Trackpoint>
            <Time>2026-04-21T12:27:51.000Z</Time>
            <Position>
              <LatitudeDegrees>60.18186519853771</LatitudeDegrees>
              <LongitudeDegrees>24.955231938511133</LongitudeDegrees>
            </Position>
            <AltitudeMeters>14.600000381469727</AltitudeMeters>
            <DistanceMeters>802.4400024414062</DistanceMeters>
            <HeartRateBpm>
              <Value>91</Value>
            </HeartRateBpm>
            <Extensions>
              <ns3:TPX>
                <ns3:Speed>0.19599999487400055</ns3:Speed>
              </ns3:TPX>
            </Extensions>
          </Trackpoint>
          <Trackpoint>
            <Time>2026-04-21T12:27:52.000Z</Time>
            <Position>
              <LatitudeDegrees>60.18185958266258</LatitudeDegrees>
              <LongitudeDegrees>24.955241745337844</LongitudeDegrees>
            </Position>
            <AltitudeMeters>14.600000381469727</AltitudeMeters>
            <DistanceMeters>802.4400024414062</DistanceMeters>
            <HeartRateBpm>
              <Value>90</Value>
            </HeartRateBpm>
            <Extensions>
              <ns3:TPX>
                <ns3:Speed>0.47600001096725464</ns3:Speed>
              </ns3:TPX>
            </Extensions>
          </Trackpoint>
          <Trackpoint>
            <Time>2026-04-21T12:27:54.000Z</Time>
            <Position>
              <LatitudeDegrees>60.181848518550396</LatitudeDegrees>
              <LongitudeDegrees>24.955203188583255</LongitudeDegrees>
            </Position>
            <AltitudeMeters>14.600000381469727</AltitudeMeters>
            <DistanceMeters>802.4400024414062</DistanceMeters>
            <HeartRateBpm>
              <Value>89</Value>
            </HeartRateBpm>
            <Extensions>
              <ns3:TPX>
                <ns3:Speed>1.8569999933242798</ns3:Speed>
              </ns3:TPX>
            </Extensions>
          </Trackpoint>
          <Trackpoint>
            <Time>2026-04-21T12:27:56.000Z</Time>
            <Position>
              <LatitudeDegrees>60.181824462488294</LatitudeDegrees>
              <LongitudeDegrees>24.955124482512474</LongitudeDegrees>
            </Position>
            <AltitudeMeters>14.199999809265137</AltitudeMeters>
            <DistanceMeters>807.6400146484375</DistanceMeters>
            <HeartRateBpm>
              <Value>87</Value>
            </HeartRateBpm>
            <Extensions>
              <ns3:TPX>
                <ns3:Speed>2.994999885559082</ns3:Speed>
              </ns3:TPX>
            </Extensions>
          </Trackpoint>
          <Trackpoint>
            <Time>2026-04-21T12:28:01.000Z</Time>
            <Position>
              <LatitudeDegrees>60.18171281553805</LatitudeDegrees>
              <LongitudeDegrees>24.954821728169918</LongitudeDegrees>
            </Position>
            <AltitudeMeters>14.399999618530273</AltitudeMeters>
            <DistanceMeters>828.8200073242188</DistanceMeters>
            <HeartRateBpm>
              <Value>88</Value>
            </HeartRateBpm>
            <Extensions>
              <ns3:TPX>
                <ns3:Speed>4.692999839782715</ns3:Speed>
              </ns3:TPX>
            </Extensions>
          </Trackpoint>
          <Trackpoint>
            <Time>2026-04-21T12:28:03.000Z</Time>
            <Position>
              <LatitudeDegrees>60.181662775576115</LatitudeDegrees>
              <LongitudeDegrees>24.95467957109213</LongitudeDegrees>
            </Position>
            <AltitudeMeters>13.800000190734863</AltitudeMeters>
            <DistanceMeters>838.47998046875</DistanceMeters>
            <HeartRateBpm>
              <Value>95</Value>
            </HeartRateBpm>
            <Extensions>
              <ns3:TPX>
                <ns3:Speed>4.916999816894531</ns3:Speed>
              </ns3:TPX>
            </Extensions>
          </Trackpoint>
          <Trackpoint>
            <Time>2026-04-21T12:28:04.000Z</Time>
            <Position>
              <LatitudeDegrees>60.181635366752744</LatitudeDegrees>
              <LongitudeDegrees>24.95460882782936</LongitudeDegrees>
            </Position>
            <AltitudeMeters>13.800000190734863</AltitudeMeters>
            <DistanceMeters>843.4099731445312</DistanceMeters>
            <HeartRateBpm>
              <Value>102</Value>
            </HeartRateBpm>
            <Extensions>
              <ns3:TPX>
                <ns3:Speed>5.0289998054504395</ns3:Speed>
              </ns3:TPX>
            </Extensions>
          </Trackpoint>
          <Trackpoint>
            <Time>2026-04-21T12:28:05.000Z</Time>
            <Position>
              <LatitudeDegrees>60.18160913139582</LatitudeDegrees>
              <LongitudeDegrees>24.954536575824022</LongitudeDegrees>
            </Position>
            <AltitudeMeters>13.800000190734863</AltitudeMeters>
            <DistanceMeters>848.3499755859375</DistanceMeters>
            <HeartRateBpm>
              <Value>105</Value>
            </HeartRateBpm>
            <Extensions>
              <ns3:TPX>
                <ns3:Speed>5.000999927520752</ns3:Speed>
              </ns3:TPX>
            </Extensions>
          </Trackpoint>
          <Trackpoint>
            <Time>2026-04-21T12:28:06.000Z</Time>
            <Position>
              <LatitudeDegrees>60.18157945945859</LatitudeDegrees>
              <LongitudeDegrees>24.954467341303825</LongitudeDegrees>
            </Position>
            <AltitudeMeters>13.600000381469727</AltitudeMeters>
            <DistanceMeters>853.2999877929688</DistanceMeters>
            <HeartRateBpm>
              <Value>107</Value>
            </HeartRateBpm>
            <Extensions>
              <ns3:TPX>
                <ns3:Speed>4.982999801635742</ns3:Speed>
              </ns3:TPX>
            </Extensions>
          </Trackpoint>
          <Trackpoint>
            <Time>2026-04-21T12:28:08.000Z</Time>
            <Position>
              <LatitudeDegrees>60.181516762822866</LatitudeDegrees>
              <LongitudeDegrees>24.954333817586303</LongitudeDegrees>
            </Position>
            <AltitudeMeters>13.0</AltitudeMeters>
            <DistanceMeters>863.6500244140625</DistanceMeters>
            <HeartRateBpm>
              <Value>110</Value>
            </HeartRateBpm>
            <Extensions>
              <ns3:TPX>
                <ns3:Speed>4.935999870300293</ns3:Speed>
              </ns3:TPX>
            </Extensions>
          </Trackpoint>
          <Trackpoint>
            <Time>2026-04-21T12:28:09.000Z</Time>
            <Position>
              <LatitudeDegrees>60.181490359827876</LatitudeDegrees>
              <LongitudeDegrees>24.954261230304837</LongitudeDegrees>
            </Position>
            <AltitudeMeters>12.399999618530273</AltitudeMeters>
            <DistanceMeters>868.7100219726562</DistanceMeters>
            <HeartRateBpm>
              <Value>110</Value>
            </HeartRateBpm>
            <Extensions>
              <ns3:TPX>
                <ns3:Speed>4.916999816894531</ns3:Speed>
              </ns3:TPX>
            </Extensions>
          </Trackpoint>
          <Trackpoint>
            <Time>2026-04-21T12:28:17.000Z</Time>
            <Position>
              <LatitudeDegrees>60.18126136623323</LatitudeDegrees>
              <LongitudeDegrees>24.953589756041765</LongitudeDegrees>
            </Position>
            <AltitudeMeters>12.0</AltitudeMeters>
            <DistanceMeters>913.5499877929688</DistanceMeters>
            <HeartRateBpm>
              <Value>110</Value>
            </HeartRateBpm>
            <Extensions>
              <ns3:TPX>
                <ns3:Speed>5.915999889373779</ns3:Speed>
              </ns3:TPX>
            </Extensions>
          </Trackpoint>
          <Trackpoint>
            <Time>2026-04-21T12:28:26.000Z</Time>
            <Position>
              <LatitudeDegrees>60.18096288666129</LatitudeDegrees>
              <LongitudeDegrees>24.95277537032962</LongitudeDegrees>
            </Position>
            <AltitudeMeters>12.800000190734863</AltitudeMeters>
            <DistanceMeters>970.0</DistanceMeters>
            <HeartRateBpm>
              <Value>112</Value>
            </HeartRateBpm>
            <Extensions>
              <ns3:TPX>
                <ns3:Speed>6.0370001792907715</ns3:Speed>
              </ns3:TPX>
            </Extensions>
          </Trackpoint>
          <Trackpoint>
            <Time>2026-04-21T12:28:28.000Z</Time>
            <Position>
              <LatitudeDegrees>60.180900525301695</LatitudeDegrees>
              <LongitudeDegrees>24.952611504122615</LongitudeDegrees>
            </Position>
            <AltitudeMeters>13.600000381469727</AltitudeMeters>
            <DistanceMeters>981.2000122070312</DistanceMeters>
            <HeartRateBpm>
              <Value>112</Value>
            </HeartRateBpm>
            <Extensions>
              <ns3:TPX>
                <ns3:Speed>5.794000148773193</ns3:Speed>
              </ns3:TPX>
            </Extensions>
          </Trackpoint>
          <Trackpoint>
            <Time>2026-04-21T12:28:32.000Z</Time>
            <Position>
              <LatitudeDegrees>60.18077613785863</LatitudeDegrees>
              <LongitudeDegrees>24.952284023165703</LongitudeDegrees>
            </Position>
            <AltitudeMeters>12.199999809265137</AltitudeMeters>
            <DistanceMeters>1004.1400146484375</DistanceMeters>
            <HeartRateBpm>
              <Value>112</Value>
            </HeartRateBpm>
            <Extensions>
              <ns3:TPX>
                <ns3:Speed>5.440000057220459</ns3:Speed>
              </ns3:TPX>
            </Extensions>
          </Trackpoint>
          <Trackpoint>
            <Time>2026-04-21T12:28:35.000Z</Time>
            <Position>
              <LatitudeDegrees>60.180689971894026</LatitudeDegrees>
              <LongitudeDegrees>24.95204597711563</LongitudeDegrees>
            </Position>
            <AltitudeMeters>12.0</AltitudeMeters>
            <DistanceMeters>1020.530029296875</DistanceMeters>
            <HeartRateBpm>
              <Value>110</Value>
            </HeartRateBpm>
            <Extensions>
              <ns3:TPX>
                <ns3:Speed>5.271999835968018</ns3:Speed>
              </ns3:TPX>
            </Extensions>
          </Trackpoint>
          <Trackpoint>
            <Time>2026-04-21T12:28:42.000Z</Time>
            <Position>
              <LatitudeDegrees>60.180541947484016</LatitudeDegrees>
              <LongitudeDegrees>24.95159544982016</LongitudeDegrees>
            </Position>
            <AltitudeMeters>12.199999809265137</AltitudeMeters>
            <DistanceMeters>1050.800048828125</DistanceMeters>
            <HeartRateBpm>
              <Value>109</Value>
            </HeartRateBpm>
            <Extensions>
              <ns3:TPX>
                <ns3:Speed>2.3889999389648438</ns3:Speed>
              </ns3:TPX>
            </Extensions>
          </Trackpoint>
          <Trackpoint>
            <Time>2026-04-21T12:28:45.000Z</Time>
            <Position>
              <LatitudeDegrees>60.18046785145998</LatitudeDegrees>
              <LongitudeDegrees>24.951446587219834</LongitudeDegrees>
            </Position>
            <AltitudeMeters>11.800000190734863</AltitudeMeters>
            <DistanceMeters>1062.3699951171875</DistanceMeters>
            <HeartRateBpm>
              <Value>108</Value>
            </HeartRateBpm>
            <Extensions>
              <ns3:TPX>
                <ns3:Speed>4.9730000495910645</ns3:Speed>
              </ns3:TPX>
            </Extensions>
          </Trackpoint>
          <Trackpoint>
            <Time>2026-04-21T12:28:46.000Z</Time>
            <Position>
              <LatitudeDegrees>60.18043767660856</LatitudeDegrees>
              <LongitudeDegrees>24.951361678540707</LongitudeDegrees>
            </Position>
            <AltitudeMeters>11.600000381469727</AltitudeMeters>
            <DistanceMeters>1067.949951171875</DistanceMeters>
            <HeartRateBpm>
              <Value>108</Value>
            </HeartRateBpm>
            <Extensions>
              <ns3:TPX>
                <ns3:Speed>6.196000099182129</ns3:Speed>
              </ns3:TPX>
            </Extensions>
          </Trackpoint>
          <Trackpoint>
            <Time>2026-04-21T12:28:47.000Z</Time>
            <Position>
              <LatitudeDegrees>60.180406998842955</LatitudeDegrees>
              <LongitudeDegrees>24.95126218535006</LongitudeDegrees>
            </Position>
            <AltitudeMeters>11.399999618530273</AltitudeMeters>
            <DistanceMeters>1074.1300048828125</DistanceMeters>
            <HeartRateBpm>
              <Value>108</Value>
            </HeartRateBpm>
            <Extensions>
              <ns3:TPX>
                <ns3:Speed>6.764999866485596</ns3:Speed>
              </ns3:TPX>
            </Extensions>
          </Trackpoint>
          <Trackpoint>
            <Time>2026-04-21T12:28:49.000Z</Time>
            <Position>
              <LatitudeDegrees>60.1803201623261</LatitudeDegrees>
              <LongitudeDegrees>24.9510236363858</LongitudeDegrees>
            </Position>
            <AltitudeMeters>11.199999809265137</AltitudeMeters>
            <DistanceMeters>1090.72998046875</DistanceMeters>
            <HeartRateBpm>
              <Value>108</Value>
            </HeartRateBpm>
            <Extensions>
              <ns3:TPX>
                <ns3:Speed>8.20199966430664</ns3:Speed>
              </ns3:TPX>
            </Extensions>
          </Trackpoint>
          <Trackpoint>
            <Time>2026-04-21T12:28:50.000Z</Time>
            <Position>
              <LatitudeDegrees>60.18026643432677</LatitudeDegrees>
              <LongitudeDegrees>24.95091626420617</LongitudeDegrees>
            </Position>
            <AltitudeMeters>11.399999618530273</AltitudeMeters>
            <DistanceMeters>1099.1500244140625</DistanceMeters>
            <HeartRateBpm>
              <Value>107</Value>
            </HeartRateBpm>
            <Extensions>
              <ns3:TPX>
                <ns3:Speed>8.4350004196167</ns3:Speed>
              </ns3:TPX>
            </Extensions>
          </Trackpoint>
          <Trackpoint>
            <Time>2026-04-21T12:28:51.000Z</Time>
            <Position>
              <LatitudeDegrees>60.180222261697054</LatitudeDegrees>
              <LongitudeDegrees>24.950794223695993</LongitudeDegrees>
            </Position>
            <AltitudeMeters>11.399999618530273</AltitudeMeters>
            <DistanceMeters>1107.4599609375</DistanceMeters>
            <HeartRateBpm>
              <Value>108</Value>
            </HeartRateBpm>
            <Extensions>
              <ns3:TPX>
                <ns3:Speed>8.4350004196167</ns3:Speed>
              </ns3:TPX>
            </Extensions>
          </Trackpoint>
          <Trackpoint>
            <Time>2026-04-21T12:28:55.000Z</Time>
            <Position>
              <LatitudeDegrees>60.18003794364631</LatitudeDegrees>
              <LongitudeDegrees>24.95028837583959</LongitudeDegrees>
            </Position>
            <AltitudeMeters>12.800000190734863</AltitudeMeters>
            <DistanceMeters>1142.3399658203125</DistanceMeters>
            <HeartRateBpm>
              <Value>108</Value>
            </HeartRateBpm>
            <Extensions>
              <ns3:TPX>
                <ns3:Speed>7.978000164031982</ns3:Speed>
              </ns3:TPX>
            </Extensions>
          </Trackpoint>
          <Trackpoint>
            <Time>2026-04-21T12:28:58.000Z</Time>
            <Position>
              <LatitudeDegrees>60.17992855980992</LatitudeDegrees>
              <LongitudeDegrees>24.950011018663645</LongitudeDegrees>
            </Position>
            <AltitudeMeters>12.600000381469727</AltitudeMeters>
            <DistanceMeters>1162.3499755859375</DistanceMeters>
            <HeartRateBpm>
              <Value>111</Value>
            </HeartRateBpm>
            <Extensions>
              <ns3:TPX>
                <ns3:Speed>5.980999946594238</ns3:Speed>
              </ns3:TPX>
            </Extensions>
          </Trackpoint>
          <Trackpoint>
            <Time>2026-04-21T12:28:59.000Z</Time>
            <Position>
              <LatitudeDegrees>60.179892517626286</LatitudeDegrees>
              <LongitudeDegrees>24.949929378926754</LongitudeDegrees>
            </Position>
            <AltitudeMeters>12.399999618530273</AltitudeMeters>
            <DistanceMeters>1168.3399658203125</DistanceMeters>
            <HeartRateBpm>
              <Value>111</Value>
            </HeartRateBpm>
            <Extensions>
              <ns3:TPX>
                <ns3:Speed>6.204999923706055</ns3:Speed>
              </ns3:TPX>
            </Extensions>
          </Trackpoint>
          <Trackpoint>
            <Time>2026-04-21T12:29:01.000Z</Time>
            <Position>
              <LatitudeDegrees>60.179789839312434</LatitudeDegrees>
              <LongitudeDegrees>24.949801303446293</LongitudeDegrees>
            </Position>
            <AltitudeMeters>12.199999809265137</AltitudeMeters>
            <DistanceMeters>1181.47998046875</DistanceMeters>
            <HeartRateBpm>
              <Value>112</Value>
            </HeartRateBpm>
            <Extensions>
              <ns3:TPX>
                <ns3:Speed>7.25</ns3:Speed>
              </ns3:TPX>
            </Extensions>
          </Trackpoint>
          <Trackpoint>
            <Time>2026-04-21T12:29:02.000Z</Time>
            <Position>
              <LatitudeDegrees>60.17972110770643</LatitudeDegrees>
              <LongitudeDegrees>24.949792753905058</LongitudeDegrees>
            </Position>
            <AltitudeMeters>12.199999809265137</AltitudeMeters>
            <DistanceMeters>1188.949951171875</DistanceMeters>
            <HeartRateBpm>
              <Value>112</Value>
            </HeartRateBpm>
            <Extensions>
              <ns3:TPX>
                <ns3:Speed>7.735000133514404</ns3:Speed>
              </ns3:TPX>
            </Extensions>
          </Trackpoint>
          <Trackpoint>
            <Time>2026-04-21T12:29:04.000Z</Time>
            <Position>
              <LatitudeDegrees>60.17958238720894</LatitudeDegrees>
              <LongitudeDegrees>24.949755622074008</LongitudeDegrees>
            </Position>
            <AltitudeMeters>13.199999809265137</AltitudeMeters>
            <DistanceMeters>1204.469970703125</DistanceMeters>
            <HeartRateBpm>
              <Value>111</Value>
            </HeartRateBpm>
            <Extensions>
              <ns3:TPX>
                <ns3:Speed>7.995999813079834</ns3:Speed>
              </ns3:TPX>
            </Extensions>
          </Trackpoint>
          <Trackpoint>
            <Time>2026-04-21T12:29:05.000Z</Time>
            <Position>
              <LatitudeDegrees>60.17951214686036</LatitudeDegrees>
              <LongitudeDegrees>24.949761321768165</LongitudeDegrees>
            </Position>
            <AltitudeMeters>13.199999809265137</AltitudeMeters>
            <DistanceMeters>1212.0899658203125</DistanceMeters>
            <HeartRateBpm>
              <Value>112</Value>
            </HeartRateBpm>
            <Extensions>
              <ns3:TPX>
                <ns3:Speed>7.866000175476074</ns3:Speed>
              </ns3:TPX>
            </Extensions>
          </Trackpoint>
          <Trackpoint>
            <Time>2026-04-21T12:29:07.000Z</Time>
            <Position>
              <LatitudeDegrees>60.1793700736016</LatitudeDegrees>
              <LongitudeDegrees>24.949787724763155</LongitudeDegrees>
            </Position>
            <AltitudeMeters>12.800000190734863</AltitudeMeters>
            <DistanceMeters>1228.489990234375</DistanceMeters>
            <HeartRateBpm>
              <Value>114</Value>
            </HeartRateBpm>
            <Extensions>
              <ns3:TPX>
                <ns3:Speed>7.454999923706055</ns3:Speed>
              </ns3:TPX>
            </Extensions>
          </Trackpoint>
          <Trackpoint>
            <Time>2026-04-21T12:29:09.000Z</Time>
            <Position>
              <LatitudeDegrees>60.179235292598605</LatitudeDegrees>
              <LongitudeDegrees>24.949807170778513</LongitudeDegrees>
            </Position>
            <AltitudeMeters>12.600000381469727</AltitudeMeters>
            <DistanceMeters>1243.530029296875</DistanceMeters>
            <HeartRateBpm>
              <Value>115</Value>
            </HeartRateBpm>
            <Extensions>
              <ns3:TPX>
                <ns3:Speed>7.949999809265137</ns3:Speed>
              </ns3:TPX>
            </Extensions>
          </Trackpoint>
          <Trackpoint>
            <Time>2026-04-21T12:29:11.000Z</Time>
            <Position>
              <LatitudeDegrees>60.179096572101116</LatitudeDegrees>
              <LongitudeDegrees>24.949795184656978</LongitudeDegrees>
            </Position>
            <AltitudeMeters>12.399999618530273</AltitudeMeters>
            <DistanceMeters>1259.199951171875</DistanceMeters>
            <HeartRateBpm>
              <Value>117</Value>
            </HeartRateBpm>
            <Extensions>
              <ns3:TPX>
                <ns3:Speed>7.959000110626221</ns3:Speed>
              </ns3:TPX>
            </Extensions>
          </Trackpoint>
          <Trackpoint>
            <Time>2026-04-21T12:29:14.000Z</Time>
            <Position>
              <LatitudeDegrees>60.17888316884637</LatitudeDegrees>
              <LongitudeDegrees>24.94980993680656</LongitudeDegrees>
            </Position>
            <AltitudeMeters>12.399999618530273</AltitudeMeters>
            <DistanceMeters>1282.77001953125</DistanceMeters>
            <HeartRateBpm>
              <Value>120</Value>
            </HeartRateBpm>
            <Extensions>
              <ns3:TPX>
                <ns3:Speed>8.005999565124512</ns3:Speed>
              </ns3:TPX>
            </Extensions>
          </Trackpoint>
          <Trackpoint>
            <Time>2026-04-21T12:29:17.000Z</Time>
            <Position>
              <LatitudeDegrees>60.17867739312351</LatitudeDegrees>
              <LongitudeDegrees>24.949841955676675</LongitudeDegrees>
            </Position>
            <AltitudeMeters>13.0</AltitudeMeters>
            <DistanceMeters>1305.489990234375</DistanceMeters>
            <HeartRateBpm>
              <Value>123</Value>
            </HeartRateBpm>
            <Extensions>
              <ns3:TPX>
                <ns3:Speed>6.914000034332275</ns3:Speed>
              </ns3:TPX>
            </Extensions>
          </Trackpoint>
          <Trackpoint>
            <Time>2026-04-21T12:29:19.000Z</Time>
            <Position>
              <LatitudeDegrees>60.1785483956337</LatitudeDegrees>
              <LongitudeDegrees>24.949831143021584</LongitudeDegrees>
            </Position>
            <AltitudeMeters>13.399999618530273</AltitudeMeters>
            <DistanceMeters>1319.8299560546875</DistanceMeters>
            <HeartRateBpm>
              <Value>125</Value>
            </HeartRateBpm>
            <Extensions>
              <ns3:TPX>
                <ns3:Speed>6.998000144958496</ns3:Speed>
              </ns3:TPX>
            </Extensions>
          </Trackpoint>
          <Trackpoint>
            <Time>2026-04-21T12:29:21.000Z</Time>
            <Position>
              <LatitudeDegrees>60.17843071371317</LatitudeDegrees>
              <LongitudeDegrees>24.949822509661317</LongitudeDegrees>
            </Position>
            <AltitudeMeters>13.600000381469727</AltitudeMeters>
            <DistanceMeters>1332.7099609375</DistanceMeters>
            <HeartRateBpm>
              <Value>125</Value>
            </HeartRateBpm>
            <Extensions>
              <ns3:TPX>
                <ns3:Speed>6.326000213623047</ns3:Speed>
              </ns3:TPX>
            </Extensions>
          </Trackpoint>
          <Trackpoint>
            <Time>2026-04-21T12:29:22.000Z</Time>
            <Position>
              <LatitudeDegrees>60.17837748862803</LatitudeDegrees>
              <LongitudeDegrees>24.949801890179515</LongitudeDegrees>
            </Position>
            <AltitudeMeters>13.600000381469727</AltitudeMeters>
            <DistanceMeters>1338.800048828125</DistanceMeters>
            <HeartRateBpm>
              <Value>125</Value>
            </HeartRateBpm>
            <Extensions>
              <ns3:TPX>
                <ns3:Speed>5.71999979019165</ns3:Speed>
              </ns3:TPX>
            </Extensions>
          </Trackpoint>
          <Trackpoint>
            <Time>2026-04-21T12:29:24.000Z</Time>
            <Position>
              <LatitudeDegrees>60.17829542979598</LatitudeDegrees>
              <LongitudeDegrees>24.949829382821918</LongitudeDegrees>
            </Position>
            <AltitudeMeters>13.199999809265137</AltitudeMeters>
            <DistanceMeters>1348.300048828125</DistanceMeters>
            <HeartRateBpm>
              <Value>124</Value>
            </HeartRateBpm>
            <Extensions>
              <ns3:TPX>
                <ns3:Speed>3.759999990463257</ns3:Speed>
              </ns3:TPX>
            </Extensions>
          </Trackpoint>
          <Trackpoint>
            <Time>2026-04-21T12:29:30.000Z</Time>
            <Position>
              <LatitudeDegrees>60.17805151641369</LatitudeDegrees>
              <LongitudeDegrees>24.94988855905831</LongitudeDegrees>
            </Position>
            <AltitudeMeters>13.800000190734863</AltitudeMeters>
            <DistanceMeters>1375.4100341796875</DistanceMeters>
            <HeartRateBpm>
              <Value>124</Value>
            </HeartRateBpm>
            <Extensions>
              <ns3:TPX>
                <ns3:Speed>4.656000137329102</ns3:Speed>
              </ns3:TPX>
            </Extensions>
          </Trackpoint>
          <Trackpoint>
            <Time>2026-04-21T12:29:34.000Z</Time>
            <Position>
              <LatitudeDegrees>60.177923860028386</LatitudeDegrees>
              <LongitudeDegrees>24.949920997023582</LongitudeDegrees>
            </Position>
            <AltitudeMeters>14.600000381469727</AltitudeMeters>
            <DistanceMeters>1389.6300048828125</DistanceMeters>
            <HeartRateBpm>
              <Value>124</Value>
            </HeartRateBpm>
            <Extensions>
              <ns3:TPX>
                <ns3:Speed>2.575000047683716</ns3:Speed>
              </ns3:TPX>
            </Extensions>
          </Trackpoint>
          <Trackpoint>
            <Time>2026-04-21T12:29:35.000Z</Time>
            <Position>
              <LatitudeDegrees>60.17789955250919</LatitudeDegrees>
              <LongitudeDegrees>24.949927954003215</LongitudeDegrees>
            </Position>
            <AltitudeMeters>14.800000190734863</AltitudeMeters>
            <DistanceMeters>1392.25</DistanceMeters>
            <HeartRateBpm>
              <Value>125</Value>
            </HeartRateBpm>
            <Extensions>
              <ns3:TPX>
                <ns3:Speed>2.2209999561309814</ns3:Speed>
              </ns3:TPX>
            </Extensions>
          </Trackpoint>
          <Trackpoint>
            <Time>2026-04-21T12:29:37.000Z</Time>
            <Position>
              <LatitudeDegrees>60.177861247211695</LatitudeDegrees>
              <LongitudeDegrees>24.949935162439942</LongitudeDegrees>
            </Position>
            <AltitudeMeters>15.199999809265137</AltitudeMeters>
            <DistanceMeters>1396.3499755859375</DistanceMeters>
            <HeartRateBpm>
              <Value>125</Value>
            </HeartRateBpm>
            <Extensions>
              <ns3:TPX>
                <ns3:Speed>1.2970000505447388</ns3:Speed>
              </ns3:TPX>
            </Extensions>
          </Trackpoint>
          <Trackpoint>
            <Time>2026-04-21T12:29:39.000Z</Time>
            <Position>
              <LatitudeDegrees>60.1778747420758</LatitudeDegrees>
              <LongitudeDegrees>24.94993113912642</LongitudeDegrees>
            </Position>
            <AltitudeMeters>15.600000381469727</AltitudeMeters>
            <DistanceMeters>1396.9200439453125</DistanceMeters>
            <HeartRateBpm>
              <Value>125</Value>
            </HeartRateBpm>
            <Extensions>
              <ns3:TPX>
                <ns3:Speed>0.9139999747276306</ns3:Speed>
              </ns3:TPX>
            </Extensions>
          </Trackpoint>
          <Trackpoint>
            <Time>2026-04-21T12:29:41.000Z</Time>
            <Position>
              <LatitudeDegrees>60.177878849208355</LatitudeDegrees>
              <LongitudeDegrees>24.94995452463627</LongitudeDegrees>
            </Position>
            <AltitudeMeters>15.399999618530273</AltitudeMeters>
            <DistanceMeters>1397.1199951171875</DistanceMeters>
            <HeartRateBpm>
              <Value>126</Value>
            </HeartRateBpm>
            <Extensions>
              <ns3:TPX>
                <ns3:Speed>0.0</ns3:Speed>
              </ns3:TPX>
            </Extensions>
          </Trackpoint>
          <Trackpoint>
            <Time>2026-04-21T12:56:30.000Z</Time>
            <Position>
              <LatitudeDegrees>60.17785160802305</LatitudeDegrees>
              <LongitudeDegrees>24.950418127700686</LongitudeDegrees>
            </Position>
            <AltitudeMeters>15.399999618530273</AltitudeMeters>
            <DistanceMeters>1397.2099609375</DistanceMeters>
            <HeartRateBpm>
              <Value>96</Value>
            </HeartRateBpm>
            <Extensions>
              <ns3:TPX>
                <ns3:Speed>0.36399999260902405</ns3:Speed>
              </ns3:TPX>
            </Extensions>
          </Trackpoint>
          <Trackpoint>
            <Time>2026-04-21T12:56:31.000Z</Time>
            <Position>
              <LatitudeDegrees>60.17785169184208</LatitudeDegrees>
              <LongitudeDegrees>24.950424833223224</LongitudeDegrees>
            </Position>
            <AltitudeMeters>15.399999618530273</AltitudeMeters>
            <DistanceMeters>1398.300048828125</DistanceMeters>
            <HeartRateBpm>
              <Value>96</Value>
            </HeartRateBpm>
            <Extensions>
              <ns3:TPX>
                <ns3:Speed>0.25200000405311584</ns3:Speed>
              </ns3:TPX>
            </Extensions>
          </Trackpoint>
          <Trackpoint>
            <Time>2026-04-21T12:56:47.000Z</Time>
            <Position>
              <LatitudeDegrees>60.17787532880902</LatitudeDegrees>
              <LongitudeDegrees>24.95032601058483</LongitudeDegrees>
            </Position>
            <AltitudeMeters>15.600000381469727</AltitudeMeters>
            <DistanceMeters>1398.300048828125</DistanceMeters>
            <HeartRateBpm>
              <Value>89</Value>
            </HeartRateBpm>
            <Extensions>
              <ns3:TPX>
                <ns3:Speed>2.3329999446868896</ns3:Speed>
              </ns3:TPX>
            </Extensions>
          </Trackpoint>
          <Trackpoint>
            <Time>2026-04-21T12:56:51.000Z</Time>
            <Position>
              <LatitudeDegrees>60.177983874455094</LatitudeDegrees>
              <LongitudeDegrees>24.950247472152114</LongitudeDegrees>
            </Position>
            <AltitudeMeters>14.800000190734863</AltitudeMeters>
            <DistanceMeters>1410.6700439453125</DistanceMeters>
            <HeartRateBpm>
              <Value>88</Value>
            </HeartRateBpm>
            <Extensions>
              <ns3:TPX>
                <ns3:Speed>3.5360000133514404</ns3:Speed>
              </ns3:TPX>
            </Extensions>
          </Trackpoint>
          <Trackpoint>
            <Time>2026-04-21T12:56:56.000Z</Time>
            <Position>
              <LatitudeDegrees>60.178200881928205</LatitudeDegrees>
              <LongitudeDegrees>24.950124509632587</LongitudeDegrees>
            </Position>
            <AltitudeMeters>14.800000190734863</AltitudeMeters>
            <DistanceMeters>1434.8299560546875</DistanceMeters>
            <HeartRateBpm>
              <Value>88</Value>
            </HeartRateBpm>
            <Extensions>
              <ns3:TPX>
                <ns3:Speed>4.703000068664551</ns3:Speed>
              </ns3:TPX>
            </Extensions>
          </Trackpoint>
          <Trackpoint>
            <Time>2026-04-21T12:56:59.000Z</Time>
            <Position>
              <LatitudeDegrees>60.178366508334875</LatitudeDegrees>
              <LongitudeDegrees>24.949857965111732</LongitudeDegrees>
            </Position>
            <AltitudeMeters>14.399999618530273</AltitudeMeters>
            <DistanceMeters>1458.5699462890625</DistanceMeters>
            <HeartRateBpm>
              <Value>88</Value>
            </HeartRateBpm>
            <Extensions>
              <ns3:TPX>
                <ns3:Speed>4.580999851226807</ns3:Speed>
              </ns3:TPX>
            </Extensions>
          </Trackpoint>
          <Trackpoint>
            <Time>2026-04-21T12:57:01.000Z</Time>
            <Position>
              <LatitudeDegrees>60.17845946364105</LatitudeDegrees>
              <LongitudeDegrees>24.949828879907727</LongitudeDegrees>
            </Position>
            <AltitudeMeters>14.199999809265137</AltitudeMeters>
            <DistanceMeters>1469.5799560546875</DistanceMeters>
            <HeartRateBpm>
              <Value>87</Value>
            </HeartRateBpm>
            <Extensions>
              <ns3:TPX>
                <ns3:Speed>4.646999835968018</ns3:Speed>
              </ns3:TPX>
            </Extensions>
          </Trackpoint>
          <Trackpoint>
            <Time>2026-04-21T12:57:04.000Z</Time>
            <Position>
              <LatitudeDegrees>60.17860120162368</LatitudeDegrees>
              <LongitudeDegrees>24.949829885736108</LongitudeDegrees>
            </Position>
            <AltitudeMeters>14.399999618530273</AltitudeMeters>
            <DistanceMeters>1485.510009765625</DistanceMeters>
            <HeartRateBpm>
              <Value>89</Value>
            </HeartRateBpm>
            <Extensions>
              <ns3:TPX>
                <ns3:Speed>5.281000137329102</ns3:Speed>
              </ns3:TPX>
            </Extensions>
          </Trackpoint>
          <Trackpoint>
            <Time>2026-04-21T12:57:08.000Z</Time>
            <Position>
              <LatitudeDegrees>60.17877412028611</LatitudeDegrees>
              <LongitudeDegrees>24.94983977638185</LongitudeDegrees>
            </Position>
            <AltitudeMeters>14.800000190734863</AltitudeMeters>
            <DistanceMeters>1504.5699462890625</DistanceMeters>
            <HeartRateBpm>
              <Value>92</Value>
            </HeartRateBpm>
            <Extensions>
              <ns3:TPX>
                <ns3:Speed>5.216000080108643</ns3:Speed>
              </ns3:TPX>
            </Extensions>
          </Trackpoint>
          <Trackpoint>
            <Time>2026-04-21T12:57:09.000Z</Time>
            <Position>
              <LatitudeDegrees>60.17882751300931</LatitudeDegrees>
              <LongitudeDegrees>24.94983592070639</LongitudeDegrees>
            </Position>
            <AltitudeMeters>14.800000190734863</AltitudeMeters>
            <DistanceMeters>1510.4599609375</DistanceMeters>
            <HeartRateBpm>
              <Value>92</Value>
            </HeartRateBpm>
            <Extensions>
              <ns3:TPX>
                <ns3:Speed>5.355999946594238</ns3:Speed>
              </ns3:TPX>
            </Extensions>
          </Trackpoint>
          <Trackpoint>
            <Time>2026-04-21T12:57:12.000Z</Time>
            <Position>
              <LatitudeDegrees>60.178986517712474</LatitudeDegrees>
              <LongitudeDegrees>24.949804237112403</LongitudeDegrees>
            </Position>
            <AltitudeMeters>16.200000762939453</AltitudeMeters>
            <DistanceMeters>1528.6300048828125</DistanceMeters>
            <HeartRateBpm>
              <Value>94</Value>
            </HeartRateBpm>
            <Extensions>
              <ns3:TPX>
                <ns3:Speed>5.224999904632568</ns3:Speed>
              </ns3:TPX>
            </Extensions>
          </Trackpoint>
          <Trackpoint>
            <Time>2026-04-21T12:57:14.000Z</Time>
            <Position>
              <LatitudeDegrees>60.179079473018646</LatitudeDegrees>
              <LongitudeDegrees>24.949788646772504</LongitudeDegrees>
            </Position>
            <AltitudeMeters>16.799999237060547</AltitudeMeters>
            <DistanceMeters>1539.3699951171875</DistanceMeters>
            <HeartRateBpm>
              <Value>98</Value>
            </HeartRateBpm>
            <Extensions>
              <ns3:TPX>
                <ns3:Speed>5.252999782562256</ns3:Speed>
              </ns3:TPX>
            </Extensions>
          </Trackpoint>
          <Trackpoint>
            <Time>2026-04-21T12:57:15.000Z</Time>
            <Position>
              <LatitudeDegrees>60.17912456765771</LatitudeDegrees>
              <LongitudeDegrees>24.949781522154808</LongitudeDegrees>
            </Position>
            <AltitudeMeters>17.200000762939453</AltitudeMeters>
            <DistanceMeters>1544.4300537109375</DistanceMeters>
            <HeartRateBpm>
              <Value>99</Value>
            </HeartRateBpm>
            <Extensions>
              <ns3:TPX>
                <ns3:Speed>4.89900016784668</ns3:Speed>
              </ns3:TPX>
            </Extensions>
          </Trackpoint>
          <Trackpoint>
            <Time>2026-04-21T12:57:17.000Z</Time>
            <Position>
              <LatitudeDegrees>60.17921366728842</LatitudeDegrees>
              <LongitudeDegrees>24.949761489406228</LongitudeDegrees>
            </Position>
            <AltitudeMeters>15.199999809265137</AltitudeMeters>
            <DistanceMeters>1554.800048828125</DistanceMeters>
            <HeartRateBpm>
              <Value>102</Value>
            </HeartRateBpm>
            <Extensions>
              <ns3:TPX>
                <ns3:Speed>4.739999771118164</ns3:Speed>
              </ns3:TPX>
            </Extensions>
          </Trackpoint>
          <Trackpoint>
            <Time>2026-04-21T12:57:22.000Z</Time>
            <Position>
              <LatitudeDegrees>60.17942086793482</LatitudeDegrees>
              <LongitudeDegrees>24.949746653437614</LongitudeDegrees>
            </Position>
            <AltitudeMeters>16.600000381469727</AltitudeMeters>
            <DistanceMeters>1577.6800537109375</DistanceMeters>
            <HeartRateBpm>
              <Value>104</Value>
            </HeartRateBpm>
            <Extensions>
              <ns3:TPX>
                <ns3:Speed>4.525000095367432</ns3:Speed>
              </ns3:TPX>
            </Extensions>
          </Trackpoint>
          <Trackpoint>
            <Time>2026-04-21T12:57:23.000Z</Time>
            <Position>
              <LatitudeDegrees>60.179462023079395</LatitudeDegrees>
              <LongitudeDegrees>24.94975528679788</LongitudeDegrees>
            </Position>
            <AltitudeMeters>16.799999237060547</AltitudeMeters>
            <DistanceMeters>1582.050048828125</DistanceMeters>
            <HeartRateBpm>
              <Value>105</Value>
            </HeartRateBpm>
            <Extensions>
              <ns3:TPX>
                <ns3:Speed>4.61899995803833</ns3:Speed>
              </ns3:TPX>
            </Extensions>
          </Trackpoint>
          <Trackpoint>
            <Time>2026-04-21T12:57:24.000Z</Time>
            <Position>
              <LatitudeDegrees>60.17950468696654</LatitudeDegrees>
              <LongitudeDegrees>24.94974782690406</LongitudeDegrees>
            </Position>
            <AltitudeMeters>16.600000381469727</AltitudeMeters>
            <DistanceMeters>1587.1600341796875</DistanceMeters>
            <HeartRateBpm>
              <Value>105</Value>
            </HeartRateBpm>
            <Extensions>
              <ns3:TPX>
                <ns3:Speed>4.525000095367432</ns3:Speed>
              </ns3:TPX>
            </Extensions>
          </Trackpoint>
          <Trackpoint>
            <Time>2026-04-21T12:57:26.000Z</Time>
            <Position>
              <LatitudeDegrees>60.17958356067538</LatitudeDegrees>
              <LongitudeDegrees>24.949761740863323</LongitudeDegrees>
            </Position>
            <AltitudeMeters>16.0</AltitudeMeters>
            <DistanceMeters>1595.780029296875</DistanceMeters>
            <HeartRateBpm>
              <Value>106</Value>
            </HeartRateBpm>
            <Extensions>
              <ns3:TPX>
                <ns3:Speed>4.703000068664551</ns3:Speed>
              </ns3:TPX>
            </Extensions>
          </Trackpoint>
          <Trackpoint>
            <Time>2026-04-21T12:57:27.000Z</Time>
            <Position>
              <LatitudeDegrees>60.17962873913348</LatitudeDegrees>
              <LongitudeDegrees>24.94976006448269</LongitudeDegrees>
            </Position>
            <AltitudeMeters>15.0</AltitudeMeters>
            <DistanceMeters>1600.800048828125</DistanceMeters>
            <HeartRateBpm>
              <Value>106</Value>
            </HeartRateBpm>
            <Extensions>
              <ns3:TPX>
                <ns3:Speed>4.9730000495910645</ns3:Speed>
              </ns3:TPX>
            </Extensions>
          </Trackpoint>
          <Trackpoint>
            <Time>2026-04-21T12:57:29.000Z</Time>
            <Position>
              <LatitudeDegrees>60.17971985042095</LatitudeDegrees>
              <LongitudeDegrees>24.9497577175498</LongitudeDegrees>
            </Position>
            <AltitudeMeters>13.600000381469727</AltitudeMeters>
            <DistanceMeters>1611.010009765625</DistanceMeters>
            <HeartRateBpm>
              <Value>106</Value>
            </HeartRateBpm>
            <Extensions>
              <ns3:TPX>
                <ns3:Speed>5.076000213623047</ns3:Speed>
              </ns3:TPX>
            </Extensions>
          </Trackpoint>
          <Trackpoint>
            <Time>2026-04-21T12:57:30.000Z</Time>
            <Position>
              <LatitudeDegrees>60.17976528033614</LatitudeDegrees>
              <LongitudeDegrees>24.949770709499717</LongitudeDegrees>
            </Position>
            <AltitudeMeters>13.399999618530273</AltitudeMeters>
            <DistanceMeters>1616.4100341796875</DistanceMeters>
            <HeartRateBpm>
              <Value>106</Value>
            </HeartRateBpm>
            <Extensions>
              <ns3:TPX>
                <ns3:Speed>4.8429999351501465</ns3:Speed>
              </ns3:TPX>
            </Extensions>
          </Trackpoint>
          <Trackpoint>
            <Time>2026-04-21T12:57:35.000Z</Time>
            <Position>
              <LatitudeDegrees>60.179953537881374</LatitudeDegrees>
              <LongitudeDegrees>24.94979526847601</LongitudeDegrees>
            </Position>
            <AltitudeMeters>14.199999809265137</AltitudeMeters>
            <DistanceMeters>1638.949951171875</DistanceMeters>
            <HeartRateBpm>
              <Value>107</Value>
            </HeartRateBpm>
            <Extensions>
              <ns3:TPX>
                <ns3:Speed>4.320000171661377</ns3:Speed>
              </ns3:TPX>
            </Extensions>
          </Trackpoint>
          <Trackpoint>
            <Time>2026-04-21T12:57:36.000Z</Time>
            <Position>
              <LatitudeDegrees>60.17998941242695</LatitudeDegrees>
              <LongitudeDegrees>24.94978068396449</LongitudeDegrees>
            </Position>
            <AltitudeMeters>14.199999809265137</AltitudeMeters>
            <DistanceMeters>1643.530029296875</DistanceMeters>
            <HeartRateBpm>
              <Value>107</Value>
            </HeartRateBpm>
            <Extensions>
              <ns3:TPX>
                <ns3:Speed>4.703000068664551</ns3:Speed>
              </ns3:TPX>
            </Extensions>
          </Trackpoint>
          <Trackpoint>
            <Time>2026-04-21T12:57:39.000Z</Time>
            <Position>
              <LatitudeDegrees>60.18009938299656</LatitudeDegrees>
              <LongitudeDegrees>24.94975277222693</LongitudeDegrees>
            </Position>
            <AltitudeMeters>14.600000381469727</AltitudeMeters>
            <DistanceMeters>1654.780029296875</DistanceMeters>
            <HeartRateBpm>
              <Value>107</Value>
            </HeartRateBpm>
            <Extensions>
              <ns3:TPX>
                <ns3:Speed>5.448999881744385</ns3:Speed>
              </ns3:TPX>
            </Extensions>
          </Trackpoint>
          <Trackpoint>
            <Time>2026-04-21T12:57:40.000Z</Time>
            <Position>
              <LatitudeDegrees>60.180145567283034</LatitudeDegrees>
              <LongitudeDegrees>24.949749168008566</LongitudeDegrees>
            </Position>
            <AltitudeMeters>14.600000381469727</AltitudeMeters>
            <DistanceMeters>1659.5400390625</DistanceMeters>
            <HeartRateBpm>
              <Value>107</Value>
            </HeartRateBpm>
            <Extensions>
              <ns3:TPX>
                <ns3:Speed>5.309000015258789</ns3:Speed>
              </ns3:TPX>
            </Extensions>
          </Trackpoint>
          <Trackpoint>
            <Time>2026-04-21T12:57:43.000Z</Time>
            <Position>
              <LatitudeDegrees>60.18027967773378</LatitudeDegrees>
              <LongitudeDegrees>24.94974933564663</LongitudeDegrees>
            </Position>
            <AltitudeMeters>16.0</AltitudeMeters>
            <DistanceMeters>1674.030029296875</DistanceMeters>
            <HeartRateBpm>
              <Value>107</Value>
            </HeartRateBpm>
            <Extensions>
              <ns3:TPX>
                <ns3:Speed>4.646999835968018</ns3:Speed>
              </ns3:TPX>
            </Extensions>
          </Trackpoint>
          <Trackpoint>
            <Time>2026-04-21T12:57:46.000Z</Time>
            <Position>
              <LatitudeDegrees>60.18041504547</LatitudeDegrees>
              <LongitudeDegrees>24.949736846610904</LongitudeDegrees>
            </Position>
            <AltitudeMeters>16.799999237060547</AltitudeMeters>
            <DistanceMeters>1689.5799560546875</DistanceMeters>
            <HeartRateBpm>
              <Value>110</Value>
            </HeartRateBpm>
            <Extensions>
              <ns3:TPX>
                <ns3:Speed>4.4039998054504395</ns3:Speed>
              </ns3:TPX>
            </Extensions>
          </Trackpoint>
          <Trackpoint>
            <Time>2026-04-21T12:57:51.000Z</Time>
            <Position>
              <LatitudeDegrees>60.18058033660054</LatitudeDegrees>
              <LongitudeDegrees>24.949695440009236</LongitudeDegrees>
            </Position>
            <AltitudeMeters>15.600000381469727</AltitudeMeters>
            <DistanceMeters>1707.8399658203125</DistanceMeters>
            <HeartRateBpm>
              <Value>112</Value>
            </HeartRateBpm>
            <Extensions>
              <ns3:TPX>
                <ns3:Speed>4.059000015258789</ns3:Speed>
              </ns3:TPX>
            </Extensions>
          </Trackpoint>
          <Trackpoint>
            <Time>2026-04-21T12:57:57.000Z</Time>
            <Position>
              <LatitudeDegrees>60.1808344759047</LatitudeDegrees>
              <LongitudeDegrees>24.949669372290373</LongitudeDegrees>
            </Position>
            <AltitudeMeters>16.0</AltitudeMeters>
            <DistanceMeters>1735.780029296875</DistanceMeters>
            <HeartRateBpm>
              <Value>115</Value>
            </HeartRateBpm>
            <Extensions>
              <ns3:TPX>
                <ns3:Speed>4.0960001945495605</ns3:Speed>
              </ns3:TPX>
            </Extensions>
          </Trackpoint>
          <Trackpoint>
            <Time>2026-04-21T12:58:03.000Z</Time>
            <Position>
              <LatitudeDegrees>60.181080317124724</LatitudeDegrees>
              <LongitudeDegrees>24.949631821364164</LongitudeDegrees>
            </Position>
            <AltitudeMeters>15.600000381469727</AltitudeMeters>
            <DistanceMeters>1764.5</DistanceMeters>
            <HeartRateBpm>
              <Value>112</Value>
            </HeartRateBpm>
            <Extensions>
              <ns3:TPX>
                <ns3:Speed>4.189000129699707</ns3:Speed>
              </ns3:TPX>
            </Extensions>
          </Trackpoint>
          <Trackpoint>
            <Time>2026-04-21T12:58:04.000Z</Time>
            <Position>
              <LatitudeDegrees>60.1811196282506</LatitudeDegrees>
              <LongitudeDegrees>24.949606843292713</LongitudeDegrees>
            </Position>
            <AltitudeMeters>15.600000381469727</AltitudeMeters>
            <DistanceMeters>1769.260009765625</DistanceMeters>
            <HeartRateBpm>
              <Value>111</Value>
            </HeartRateBpm>
            <Extensions>
              <ns3:TPX>
                <ns3:Speed>4.124000072479248</ns3:Speed>
              </ns3:TPX>
            </Extensions>
          </Trackpoint>
          <Trackpoint>
            <Time>2026-04-21T12:58:08.000Z</Time>
            <Position>
              <LatitudeDegrees>60.18120973370969</LatitudeDegrees>
              <LongitudeDegrees>24.94943174533546</LongitudeDegrees>
            </Position>
            <AltitudeMeters>16.200000762939453</AltitudeMeters>
            <DistanceMeters>1784.0899658203125</DistanceMeters>
            <HeartRateBpm>
              <Value>110</Value>
            </HeartRateBpm>
            <Extensions>
              <ns3:TPX>
                <ns3:Speed>3.003999948501587</ns3:Speed>
              </ns3:TPX>
            </Extensions>
          </Trackpoint>
          <Trackpoint>
            <Time>2026-04-21T12:58:11.000Z</Time>
            <Position>
              <LatitudeDegrees>60.18125616945326</LatitudeDegrees>
              <LongitudeDegrees>24.949298221617937</LongitudeDegrees>
            </Position>
            <AltitudeMeters>17.0</AltitudeMeters>
            <DistanceMeters>1793.0699462890625</DistanceMeters>
            <HeartRateBpm>
              <Value>109</Value>
            </HeartRateBpm>
            <Extensions>
              <ns3:TPX>
                <ns3:Speed>3.246999979019165</ns3:Speed>
              </ns3:TPX>
            </Extensions>
          </Trackpoint>
          <Trackpoint>
            <Time>2026-04-21T12:58:15.000Z</Time>
            <Position>
              <LatitudeDegrees>60.181308975443244</LatitudeDegrees>
              <LongitudeDegrees>24.949127146974206</LongitudeDegrees>
            </Position>
            <AltitudeMeters>18.0</AltitudeMeters>
            <DistanceMeters>1803.9100341796875</DistanceMeters>
            <HeartRateBpm>
              <Value>110</Value>
            </HeartRateBpm>
            <Extensions>
              <ns3:TPX>
                <ns3:Speed>2.8269999027252197</ns3:Speed>
              </ns3:TPX>
            </Extensions>
          </Trackpoint>
          <Trackpoint>
            <Time>2026-04-21T12:58:16.000Z</Time>
            <Position>
              <LatitudeDegrees>60.1813233923167</LatitudeDegrees>
              <LongitudeDegrees>24.949080543592572</LongitudeDegrees>
            </Position>
            <AltitudeMeters>18.200000762939453</AltitudeMeters>
            <DistanceMeters>1807.010009765625</DistanceMeters>
            <HeartRateBpm>
              <Value>110</Value>
            </HeartRateBpm>
            <Extensions>
              <ns3:TPX>
                <ns3:Speed>2.7339999675750732</ns3:Speed>
              </ns3:TPX>
            </Extensions>
          </Trackpoint>
          <Trackpoint>
            <Time>2026-04-21T12:58:20.000Z</Time>
            <Position>
              <LatitudeDegrees>60.181396482512355</LatitudeDegrees>
              <LongitudeDegrees>24.948908211663365</LongitudeDegrees>
            </Position>
            <AltitudeMeters>18.600000381469727</AltitudeMeters>
            <DistanceMeters>1819.4599609375</DistanceMeters>
            <HeartRateBpm>
              <Value>103</Value>
            </HeartRateBpm>
            <Extensions>
              <ns3:TPX>
                <ns3:Speed>2.9210000038146973</ns3:Speed>
              </ns3:TPX>
            </Extensions>
          </Trackpoint>
          <Trackpoint>
            <Time>2026-04-21T12:58:23.000Z</Time>
            <Position>
              <LatitudeDegrees>60.181454652920365</LatitudeDegrees>
              <LongitudeDegrees>24.948787009343505</LongitudeDegrees>
            </Position>
            <AltitudeMeters>19.0</AltitudeMeters>
            <DistanceMeters>1828.6199951171875</DistanceMeters>
            <HeartRateBpm>
              <Value>102</Value>
            </HeartRateBpm>
            <Extensions>
              <ns3:TPX>
                <ns3:Speed>2.865000009536743</ns3:Speed>
              </ns3:TPX>
            </Extensions>
          </Trackpoint>
          <Trackpoint>
            <Time>2026-04-21T12:58:26.000Z</Time>
            <Position>
              <LatitudeDegrees>60.18149698153138</LatitudeDegrees>
              <LongitudeDegrees>24.948692796751857</LongitudeDegrees>
            </Position>
            <AltitudeMeters>19.200000762939453</AltitudeMeters>
            <DistanceMeters>1836.030029296875</DistanceMeters>
            <HeartRateBpm>
              <Value>102</Value>
            </HeartRateBpm>
            <Extensions>
              <ns3:TPX>
                <ns3:Speed>2.7899999618530273</ns3:Speed>
              </ns3:TPX>
            </Extensions>
          </Trackpoint>
          <Trackpoint>
            <Time>2026-04-21T12:58:32.000Z</Time>
            <Position>
              <LatitudeDegrees>60.181598318740726</LatitudeDegrees>
              <LongitudeDegrees>24.948440082371235</LongitudeDegrees>
            </Position>
            <AltitudeMeters>19.600000381469727</AltitudeMeters>
            <DistanceMeters>1854.4599609375</DistanceMeters>
            <HeartRateBpm>
              <Value>102</Value>
            </HeartRateBpm>
            <Extensions>
              <ns3:TPX>
                <ns3:Speed>2.677999973297119</ns3:Speed>
              </ns3:TPX>
            </Extensions>
          </Trackpoint>
          <Trackpoint>
            <Time>2026-04-21T12:58:37.000Z</Time>
            <Position>
              <LatitudeDegrees>60.18168054521084</LatitudeDegrees>
              <LongitudeDegrees>24.948243694379926</LongitudeDegrees>
            </Position>
            <AltitudeMeters>20.399999618530273</AltitudeMeters>
            <DistanceMeters>1868.6600341796875</DistanceMeters>
            <HeartRateBpm>
              <Value>101</Value>
            </HeartRateBpm>
            <Extensions>
              <ns3:TPX>
                <ns3:Speed>2.697000026702881</ns3:Speed>
              </ns3:TPX>
            </Extensions>
          </Trackpoint>
          <Trackpoint>
            <Time>2026-04-21T12:58:38.000Z</Time>
            <Position>
              <LatitudeDegrees>60.181693034246564</LatitudeDegrees>
              <LongitudeDegrees>24.948201114311814</LongitudeDegrees>
            </Position>
            <AltitudeMeters>20.799999237060547</AltitudeMeters>
            <DistanceMeters>1871.3599853515625</DistanceMeters>
            <HeartRateBpm>
              <Value>101</Value>
            </HeartRateBpm>
            <Extensions>
              <ns3:TPX>
                <ns3:Speed>2.6410000324249268</ns3:Speed>
              </ns3:TPX>
            </Extensions>
          </Trackpoint>
          <Trackpoint>
            <Time>2026-04-21T12:58:42.000Z</Time>
            <Position>
              <LatitudeDegrees>60.181744834408164</LatitudeDegrees>
              <LongitudeDegrees>24.94804412126541</LongitudeDegrees>
            </Position>
            <AltitudeMeters>21.399999618530273</AltitudeMeters>
            <DistanceMeters>1881.8699951171875</DistanceMeters>
            <HeartRateBpm>
              <Value>100</Value>
            </HeartRateBpm>
            <Extensions>
              <ns3:TPX>
                <ns3:Speed>2.6410000324249268</ns3:Speed>
              </ns3:TPX>
            </Extensions>
          </Trackpoint>
          <Trackpoint>
            <Time>2026-04-21T12:58:46.000Z</Time>
            <Position>
              <LatitudeDegrees>60.18180669285357</LatitudeDegrees>
              <LongitudeDegrees>24.94788813404739</LongitudeDegrees>
            </Position>
            <AltitudeMeters>21.600000381469727</AltitudeMeters>
            <DistanceMeters>1892.8800048828125</DistanceMeters>
            <HeartRateBpm>
              <Value>103</Value>
            </HeartRateBpm>
            <Extensions>
              <ns3:TPX>
                <ns3:Speed>2.743000030517578</ns3:Speed>
              </ns3:TPX>
            </Extensions>
          </Trackpoint>
          <Trackpoint>
            <Time>2026-04-21T12:58:49.000Z</Time>
            <Position>
              <LatitudeDegrees>60.18185522407293</LatitudeDegrees>
              <LongitudeDegrees>24.947771793231368</LongitudeDegrees>
            </Position>
            <AltitudeMeters>22.0</AltitudeMeters>
            <DistanceMeters>1901.4300537109375</DistanceMeters>
            <HeartRateBpm>
              <Value>106</Value>
            </HeartRateBpm>
            <Extensions>
              <ns3:TPX>
                <ns3:Speed>2.9019999504089355</ns3:Speed>
              </ns3:TPX>
            </Extensions>
          </Trackpoint>
          <Trackpoint>
            <Time>2026-04-21T12:58:51.000Z</Time>
            <Position>
              <LatitudeDegrees>60.181885566562414</LatitudeDegrees>
              <LongitudeDegrees>24.947693506255746</LongitudeDegrees>
            </Position>
            <AltitudeMeters>22.200000762939453</AltitudeMeters>
            <DistanceMeters>1906.81005859375</DistanceMeters>
            <HeartRateBpm>
              <Value>109</Value>
            </HeartRateBpm>
            <Extensions>
              <ns3:TPX>
                <ns3:Speed>2.7709999084472656</ns3:Speed>
              </ns3:TPX>
            </Extensions>
          </Trackpoint>
          <Trackpoint>
            <Time>2026-04-21T12:58:53.000Z</Time>
            <Position>
              <LatitudeDegrees>60.18191775307059</LatitudeDegrees>
              <LongitudeDegrees>24.947611363604665</LongitudeDegrees>
            </Position>
            <AltitudeMeters>22.600000381469727</AltitudeMeters>
            <DistanceMeters>1912.81005859375</DistanceMeters>
            <HeartRateBpm>
              <Value>110</Value>
            </HeartRateBpm>
            <Extensions>
              <ns3:TPX>
                <ns3:Speed>2.7709999084472656</ns3:Speed>
              </ns3:TPX>
            </Extensions>
          </Trackpoint>
          <Trackpoint>
            <Time>2026-04-21T12:58:54.000Z</Time>
            <Position>
              <LatitudeDegrees>60.18193040974438</LatitudeDegrees>
              <LongitudeDegrees>24.947572806850076</LongitudeDegrees>
            </Position>
            <AltitudeMeters>22.600000381469727</AltitudeMeters>
            <DistanceMeters>1915.27001953125</DistanceMeters>
            <HeartRateBpm>
              <Value>111</Value>
            </HeartRateBpm>
            <Extensions>
              <ns3:TPX>
                <ns3:Speed>2.6589999198913574</ns3:Speed>
              </ns3:TPX>
            </Extensions>
          </Trackpoint>
          <Trackpoint>
            <Time>2026-04-21T12:59:02.000Z</Time>
            <Position>
              <LatitudeDegrees>60.18205840140581</LatitudeDegrees>
              <LongitudeDegrees>24.94725194759667</LongitudeDegrees>
            </Position>
            <AltitudeMeters>23.600000381469727</AltitudeMeters>
            <DistanceMeters>1938.1400146484375</DistanceMeters>
            <HeartRateBpm>
              <Value>114</Value>
            </HeartRateBpm>
            <Extensions>
              <ns3:TPX>
                <ns3:Speed>2.809000015258789</ns3:Speed>
              </ns3:TPX>
            </Extensions>
          </Trackpoint>
          <Trackpoint>
            <Time>2026-04-21T12:59:09.000Z</Time>
            <Position>
              <LatitudeDegrees>60.18216443248093</LatitudeDegrees>
              <LongitudeDegrees>24.946969728916883</LongitudeDegrees>
            </Position>
            <AltitudeMeters>24.200000762939453</AltitudeMeters>
            <DistanceMeters>1957.4599609375</DistanceMeters>
            <HeartRateBpm>
              <Value>116</Value>
            </HeartRateBpm>
            <Extensions>
              <ns3:TPX>
                <ns3:Speed>2.8550000190734863</ns3:Speed>
              </ns3:TPX>
            </Extensions>
          </Trackpoint>
          <Trackpoint>
            <Time>2026-04-21T12:59:16.000Z</Time>
            <Position>
              <LatitudeDegrees>60.18228655681014</LatitudeDegrees>
              <LongitudeDegrees>24.94669052772224</LongitudeDegrees>
            </Position>
            <AltitudeMeters>24.399999618530273</AltitudeMeters>
            <DistanceMeters>1978.5</DistanceMeters>
            <HeartRateBpm>
              <Value>118</Value>
            </HeartRateBpm>
            <Extensions>
              <ns3:TPX>
                <ns3:Speed>2.874000072479248</ns3:Speed>
              </ns3:TPX>
            </Extensions>
          </Trackpoint>
          <Trackpoint>
            <Time>2026-04-21T12:59:20.000Z</Time>
            <Position>
              <LatitudeDegrees>60.18239049240947</LatitudeDegrees>
              <LongitudeDegrees>24.946650629863143</LongitudeDegrees>
            </Position>
            <AltitudeMeters>24.399999618530273</AltitudeMeters>
            <DistanceMeters>1988.7900390625</DistanceMeters>
            <HeartRateBpm>
              <Value>119</Value>
            </HeartRateBpm>
            <Extensions>
              <ns3:TPX>
                <ns3:Speed>2.947999954223633</ns3:Speed>
              </ns3:TPX>
            </Extensions>
          </Trackpoint>
          <Trackpoint>
            <Time>2026-04-21T12:59:21.000Z</Time>
            <Position>
              <LatitudeDegrees>60.18241706304252</LatitudeDegrees>
              <LongitudeDegrees>24.946670830249786</LongitudeDegrees>
            </Position>
            <AltitudeMeters>24.600000381469727</AltitudeMeters>
            <DistanceMeters>1991.8800048828125</DistanceMeters>
            <HeartRateBpm>
              <Value>119</Value>
            </HeartRateBpm>
            <Extensions>
              <ns3:TPX>
                <ns3:Speed>2.687000036239624</ns3:Speed>
              </ns3:TPX>
            </Extensions>
          </Trackpoint>
          <Trackpoint>
            <Time>2026-04-21T12:59:25.000Z</Time>
            <Position>
              <LatitudeDegrees>60.18252267502248</LatitudeDegrees>
              <LongitudeDegrees>24.946778705343604</LongitudeDegrees>
            </Position>
            <AltitudeMeters>26.0</AltitudeMeters>
            <DistanceMeters>2004.6099853515625</DistanceMeters>
            <HeartRateBpm>
              <Value>123</Value>
            </HeartRateBpm>
            <Extensions>
              <ns3:TPX>
                <ns3:Speed>2.621999979019165</ns3:Speed>
              </ns3:TPX>
            </Extensions>
          </Trackpoint>
          <Trackpoint>
            <Time>2026-04-21T12:59:26.000Z</Time>
            <Position>
              <LatitudeDegrees>60.182550083845854</LatitudeDegrees>
              <LongitudeDegrees>24.946800330653787</LongitudeDegrees>
            </Position>
            <AltitudeMeters>26.200000762939453</AltitudeMeters>
            <DistanceMeters>2008.260009765625</DistanceMeters>
            <HeartRateBpm>
              <Value>124</Value>
            </HeartRateBpm>
            <Extensions>
              <ns3:TPX>
                <ns3:Speed>2.575000047683716</ns3:Speed>
              </ns3:TPX>
            </Extensions>
          </Trackpoint>
          <Trackpoint>
            <Time>2026-04-21T12:59:29.000Z</Time>
            <Position>
              <LatitudeDegrees>60.18261965364218</LatitudeDegrees>
              <LongitudeDegrees>24.946887334808707</LongitudeDegrees>
            </Position>
            <AltitudeMeters>26.799999237060547</AltitudeMeters>
            <DistanceMeters>2017.719970703125</DistanceMeters>
            <HeartRateBpm>
              <Value>127</Value>
            </HeartRateBpm>
            <Extensions>
              <ns3:TPX>
                <ns3:Speed>2.4170000553131104</ns3:Speed>
              </ns3:TPX>
            </Extensions>
          </Trackpoint>
          <Trackpoint>
            <Time>2026-04-21T12:59:30.000Z</Time>
            <Position>
              <LatitudeDegrees>60.18264161422849</LatitudeDegrees>
              <LongitudeDegrees>24.94692312553525</LongitudeDegrees>
            </Position>
            <AltitudeMeters>27.0</AltitudeMeters>
            <DistanceMeters>2020.8699951171875</DistanceMeters>
            <HeartRateBpm>
              <Value>127</Value>
            </HeartRateBpm>
            <Extensions>
              <ns3:TPX>
                <ns3:Speed>2.575000047683716</ns3:Speed>
              </ns3:TPX>
            </Extensions>
          </Trackpoint>
          <Trackpoint>
            <Time>2026-04-21T12:59:34.000Z</Time>
            <Position>
              <LatitudeDegrees>60.182717218995094</LatitudeDegrees>
              <LongitudeDegrees>24.947048351168633</LongitudeDegrees>
            </Position>
            <AltitudeMeters>28.0</AltitudeMeters>
            <DistanceMeters>2032.68994140625</DistanceMeters>
            <HeartRateBpm>
              <Value>129</Value>
            </HeartRateBpm>
            <Extensions>
              <ns3:TPX>
                <ns3:Speed>2.3610000610351562</ns3:Speed>
              </ns3:TPX>
            </Extensions>
          </Trackpoint>
          <Trackpoint>
            <Time>2026-04-21T12:59:35.000Z</Time>
            <Position>
              <LatitudeDegrees>60.182734904810786</LatitudeDegrees>
              <LongitudeDegrees>24.947070814669132</LongitudeDegrees>
            </Position>
            <AltitudeMeters>28.200000762939453</AltitudeMeters>
            <DistanceMeters>2035.2099609375</DistanceMeters>
            <HeartRateBpm>
              <Value>130</Value>
            </HeartRateBpm>
            <Extensions>
              <ns3:TPX>
                <ns3:Speed>2.500999927520752</ns3:Speed>
              </ns3:TPX>
            </Extensions>
          </Trackpoint>
          <Trackpoint>
            <Time>2026-04-21T12:59:39.000Z</Time>
            <Position>
              <LatitudeDegrees>60.18279382959008</LatitudeDegrees>
              <LongitudeDegrees>24.947208696976304</LongitudeDegrees>
            </Position>
            <AltitudeMeters>29.200000762939453</AltitudeMeters>
            <DistanceMeters>2045.030029296875</DistanceMeters>
            <HeartRateBpm>
              <Value>132</Value>
            </HeartRateBpm>
            <Extensions>
              <ns3:TPX>
                <ns3:Speed>2.9760000705718994</ns3:Speed>
              </ns3:TPX>
            </Extensions>
          </Trackpoint>
          <Trackpoint>
            <Time>2026-04-21T12:59:41.000Z</Time>
            <Position>
              <LatitudeDegrees>60.18282484263182</LatitudeDegrees>
              <LongitudeDegrees>24.947292935103178</LongitudeDegrees>
            </Position>
            <AltitudeMeters>29.200000762939453</AltitudeMeters>
            <DistanceMeters>2051.0400390625</DistanceMeters>
            <HeartRateBpm>
              <Value>134</Value>
            </HeartRateBpm>
            <Extensions>
              <ns3:TPX>
                <ns3:Speed>3.2190001010894775</ns3:Speed>
              </ns3:TPX>
            </Extensions>
          </Trackpoint>
          <Trackpoint>
            <Time>2026-04-21T12:59:45.000Z</Time>
            <Position>
              <LatitudeDegrees>60.182918552309275</LatitudeDegrees>
              <LongitudeDegrees>24.94746694341302</LongitudeDegrees>
            </Position>
            <AltitudeMeters>29.200000762939453</AltitudeMeters>
            <DistanceMeters>2064.510009765625</DistanceMeters>
            <HeartRateBpm>
              <Value>137</Value>
            </HeartRateBpm>
            <Extensions>
              <ns3:TPX>
                <ns3:Speed>3.4059998989105225</ns3:Speed>
              </ns3:TPX>
            </Extensions>
          </Trackpoint>
          <Trackpoint>
            <Time>2026-04-21T12:59:48.000Z</Time>
            <Position>
              <LatitudeDegrees>60.182999186217785</LatitudeDegrees>
              <LongitudeDegrees>24.947585128247738</LongitudeDegrees>
            </Position>
            <AltitudeMeters>29.0</AltitudeMeters>
            <DistanceMeters>2075.820068359375</DistanceMeters>
            <HeartRateBpm>
              <Value>139</Value>
            </HeartRateBpm>
            <Extensions>
              <ns3:TPX>
                <ns3:Speed>3.3310000896453857</ns3:Speed>
              </ns3:TPX>
            </Extensions>
          </Trackpoint>
          <Trackpoint>
            <Time>2026-04-21T12:59:52.000Z</Time>
            <Position>
              <LatitudeDegrees>60.18310982733965</LatitudeDegrees>
              <LongitudeDegrees>24.947540536522865</LongitudeDegrees>
            </Position>
            <AltitudeMeters>29.200000762939453</AltitudeMeters>
            <DistanceMeters>2089.389892578125</DistanceMeters>
            <HeartRateBpm>
              <Value>141</Value>
            </HeartRateBpm>
            <Extensions>
              <ns3:TPX>
                <ns3:Speed>3.200000047683716</ns3:Speed>
              </ns3:TPX>
            </Extensions>
          </Trackpoint>
          <Trackpoint>
            <Time>2026-04-21T12:59:59.000Z</Time>
            <Position>
              <LatitudeDegrees>60.18319725058973</LatitudeDegrees>
              <LongitudeDegrees>24.94716653600335</LongitudeDegrees>
            </Position>
            <AltitudeMeters>29.799999237060547</AltitudeMeters>
            <DistanceMeters>2112.409912109375</DistanceMeters>
            <HeartRateBpm>
              <Value>142</Value>
            </HeartRateBpm>
            <Extensions>
              <ns3:TPX>
                <ns3:Speed>3.134999990463257</ns3:Speed>
              </ns3:TPX>
            </Extensions>
          </Trackpoint>
          <Trackpoint>
            <Time>2026-04-21T13:00:04.000Z</Time>
            <Position>
              <LatitudeDegrees>60.18326531164348</LatitudeDegrees>
              <LongitudeDegrees>24.946924382820725</LongitudeDegrees>
            </Position>
            <AltitudeMeters>30.200000762939453</AltitudeMeters>
            <DistanceMeters>2127.669921875</DistanceMeters>
            <HeartRateBpm>
              <Value>140</Value>
            </HeartRateBpm>
            <Extensions>
              <ns3:TPX>
                <ns3:Speed>3.190999984741211</ns3:Speed>
              </ns3:TPX>
            </Extensions>
          </Trackpoint>
          <Trackpoint>
            <Time>2026-04-21T13:00:07.000Z</Time>
            <Position>
              <LatitudeDegrees>60.18332004547119</LatitudeDegrees>
              <LongitudeDegrees>24.946774262934923</LongitudeDegrees>
            </Position>
            <AltitudeMeters>30.399999618530273</AltitudeMeters>
            <DistanceMeters>2138.010009765625</DistanceMeters>
            <HeartRateBpm>
              <Value>135</Value>
            </HeartRateBpm>
            <Extensions>
              <ns3:TPX>
                <ns3:Speed>3.0139999389648438</ns3:Speed>
              </ns3:TPX>
            </Extensions>
          </Trackpoint>
          <Trackpoint>
            <Time>2026-04-21T13:00:08.000Z</Time>
            <Position>
              <LatitudeDegrees>60.183339742943645</LatitudeDegrees>
              <LongitudeDegrees>24.946733359247446</LongitudeDegrees>
            </Position>
            <AltitudeMeters>30.600000381469727</AltitudeMeters>
            <DistanceMeters>2141.389892578125</DistanceMeters>
            <HeartRateBpm>
              <Value>133</Value>
            </HeartRateBpm>
            <Extensions>
              <ns3:TPX>
                <ns3:Speed>3.0230000019073486</ns3:Speed>
              </ns3:TPX>
            </Extensions>
          </Trackpoint>
          <Trackpoint>
            <Time>2026-04-21T13:00:12.000Z</Time>
            <Position>
              <LatitudeDegrees>60.18341559916735</LatitudeDegrees>
              <LongitudeDegrees>24.94659095071256</LongitudeDegrees>
            </Position>
            <AltitudeMeters>31.399999618530273</AltitudeMeters>
            <DistanceMeters>2153.050048828125</DistanceMeters>
            <HeartRateBpm>
              <Value>131</Value>
            </HeartRateBpm>
            <Extensions>
              <ns3:TPX>
                <ns3:Speed>2.7990000247955322</ns3:Speed>
              </ns3:TPX>
            </Extensions>
          </Trackpoint>
          <Trackpoint>
            <Time>2026-04-21T13:00:14.000Z</Time>
            <Position>
              <LatitudeDegrees>60.18344812095165</LatitudeDegrees>
              <LongitudeDegrees>24.946550214663148</LongitudeDegrees>
            </Position>
            <AltitudeMeters>31.799999237060547</AltitudeMeters>
            <DistanceMeters>2157.18994140625</DistanceMeters>
            <HeartRateBpm>
              <Value>131</Value>
            </HeartRateBpm>
            <Extensions>
              <ns3:TPX>
                <ns3:Speed>2.1089999675750732</ns3:Speed>
              </ns3:TPX>
            </Extensions>
          </Trackpoint>
          <Trackpoint>
            <Time>2026-04-21T13:00:19.000Z</Time>
            <Position>
              <LatitudeDegrees>60.183532778173685</LatitudeDegrees>
              <LongitudeDegrees>24.946357682347298</LongitudeDegrees>
            </Position>
            <AltitudeMeters>31.600000381469727</AltitudeMeters>
            <DistanceMeters>2171.510009765625</DistanceMeters>
            <HeartRateBpm>
              <Value>129</Value>
            </HeartRateBpm>
            <Extensions>
              <ns3:TPX>
                <ns3:Speed>2.7990000247955322</ns3:Speed>
              </ns3:TPX>
            </Extensions>
          </Trackpoint>
          <Trackpoint>
            <Time>2026-04-21T13:00:22.000Z</Time>
            <Position>
              <LatitudeDegrees>60.18355859443545</LatitudeDegrees>
              <LongitudeDegrees>24.946303870528936</LongitudeDegrees>
            </Position>
            <AltitudeMeters>31.799999237060547</AltitudeMeters>
            <DistanceMeters>2177.77001953125</DistanceMeters>
            <HeartRateBpm>
              <Value>129</Value>
            </HeartRateBpm>
            <Extensions>
              <ns3:TPX>
                <ns3:Speed>1.437000036239624</ns3:Speed>
              </ns3:TPX>
            </Extensions>
          </Trackpoint>
          <Trackpoint>
            <Time>2026-04-21T13:00:23.000Z</Time>
            <Position>
              <LatitudeDegrees>60.183541076257825</LatitudeDegrees>
              <LongitudeDegrees>24.946319879963994</LongitudeDegrees>
            </Position>
            <AltitudeMeters>31.799999237060547</AltitudeMeters>
            <DistanceMeters>2179.10009765625</DistanceMeters>
            <HeartRateBpm>
              <Value>129</Value>
            </HeartRateBpm>
            <Extensions>
              <ns3:TPX>
                <ns3:Speed>2.4630000591278076</ns3:Speed>
              </ns3:TPX>
            </Extensions>
          </Trackpoint>
          <Trackpoint>
            <Time>2026-04-21T13:00:25.000Z</Time>
            <Position>
              <LatitudeDegrees>60.183503525331616</LatitudeDegrees>
              <LongitudeDegrees>24.946349803358316</LongitudeDegrees>
            </Position>
            <AltitudeMeters>32.0</AltitudeMeters>
            <DistanceMeters>2182.830078125</DistanceMeters>
            <HeartRateBpm>
              <Value>138</Value>
            </HeartRateBpm>
            <Extensions>
              <ns3:TPX>
                <ns3:Speed>1.6699999570846558</ns3:Speed>
              </ns3:TPX>
            </Extensions>
          </Trackpoint>
          <Trackpoint>
            <Time>2026-04-21T13:00:26.000Z</Time>
            <Position>
              <LatitudeDegrees>60.18348357640207</LatitudeDegrees>
              <LongitudeDegrees>24.946338571608067</LongitudeDegrees>
            </Position>
            <AltitudeMeters>32.20000076293945</AltitudeMeters>
            <DistanceMeters>2184.6298828125</DistanceMeters>
            <HeartRateBpm>
              <Value>147</Value>
            </HeartRateBpm>
            <Extensions>
              <ns3:TPX>
                <ns3:Speed>0.6809999942779541</ns3:Speed>
              </ns3:TPX>
            </Extensions>
          </Trackpoint>
          <Trackpoint>
            <Time>2026-04-21T13:00:27.000Z</Time>
            <Position>
              <LatitudeDegrees>60.183478547260165</LatitudeDegrees>
              <LongitudeDegrees>24.94634460657835</LongitudeDegrees>
            </Position>
            <AltitudeMeters>32.400001525878906</AltitudeMeters>
            <DistanceMeters>2186.199951171875</DistanceMeters>
            <HeartRateBpm>
              <Value>148</Value>
            </HeartRateBpm>
            <Extensions>
              <ns3:TPX>
                <ns3:Speed>0.0</ns3:Speed>
              </ns3:TPX>
            </Extensions>
          </Trackpoint>
          <Trackpoint>
            <Time>2026-04-21T13:00:28.000Z</Time>
            <Position>
              <LatitudeDegrees>60.18346798606217</LatitudeDegrees>
              <LongitudeDegrees>24.946331530809402</LongitudeDegrees>
            </Position>
            <AltitudeMeters>32.400001525878906</AltitudeMeters>
            <DistanceMeters>2186.199951171875</DistanceMeters>
            <HeartRateBpm>
              <Value>149</Value>
            </HeartRateBpm>
            <Extensions>
              <ns3:TPX>
                <ns3:Speed>0.0</ns3:Speed>
              </ns3:TPX>
            </Extensions>
          </Trackpoint>
          <Trackpoint>
            <Time>2026-04-21T13:03:41.000Z</Time>
            <Position>
              <LatitudeDegrees>60.183622213080525</LatitudeDegrees>
              <LongitudeDegrees>24.946058029308915</LongitudeDegrees>
            </Position>
            <AltitudeMeters>44.0</AltitudeMeters>
            <DistanceMeters>2186.199951171875</DistanceMeters>
            <HeartRateBpm>
              <Value>111</Value>
            </HeartRateBpm>
            <Extensions>
              <ns3:TPX>
                <ns3:Speed>1.5210000276565552</ns3:Speed>
              </ns3:TPX>
            </Extensions>
          </Trackpoint>
          <Trackpoint>
            <Time>2026-04-21T13:03:42.000Z</Time>
            <Position>
              <LatitudeDegrees>60.183633863925934</LatitudeDegrees>
              <LongitudeDegrees>24.946079654619098</LongitudeDegrees>
            </Position>
            <AltitudeMeters>44.0</AltitudeMeters>
            <DistanceMeters>2186.199951171875</DistanceMeters>
            <HeartRateBpm>
              <Value>112</Value>
            </HeartRateBpm>
            <Extensions>
              <ns3:TPX>
                <ns3:Speed>1.0449999570846558</ns3:Speed>
              </ns3:TPX>
            </Extensions>
          </Trackpoint>
          <Trackpoint>
            <Time>2026-04-21T13:03:43.000Z</Time>
            <Position>
              <LatitudeDegrees>60.1836356241256</LatitudeDegrees>
              <LongitudeDegrees>24.946092311292887</LongitudeDegrees>
            </Position>
            <AltitudeMeters>43.79999923706055</AltitudeMeters>
            <DistanceMeters>2186.199951171875</DistanceMeters>
            <HeartRateBpm>
              <Value>112</Value>
            </HeartRateBpm>
            <Extensions>
              <ns3:TPX>
                <ns3:Speed>0.7369999885559082</ns3:Speed>
              </ns3:TPX>
            </Extensions>
          </Trackpoint>
          <Trackpoint>
            <Time>2026-04-21T13:03:44.000Z</Time>
            <Position>
              <LatitudeDegrees>60.18363872542977</LatitudeDegrees>
              <LongitudeDegrees>24.946103543043137</LongitudeDegrees>
            </Position>
            <AltitudeMeters>43.79999923706055</AltitudeMeters>
            <DistanceMeters>2186.199951171875</DistanceMeters>
            <HeartRateBpm>
              <Value>112</Value>
            </HeartRateBpm>
            <Extensions>
              <ns3:TPX>
                <ns3:Speed>0.3919999897480011</ns3:Speed>
              </ns3:TPX>
            </Extensions>
          </Trackpoint>
        </Track>
        <Extensions>
          <ns3:LX>
            <ns3:AvgSpeed>4.506999969482422</ns3:AvgSpeed>
          </ns3:LX>
        </Extensions>
      </Lap>
      <Creator xsi:type="Device_t">
        <Name>EPIX Gen2</Name>
        <UnitId>3413992343</UnitId>
        <ProductID>3943</ProductID>
        <Version>
          <VersionMajor>25</VersionMajor>
          <VersionMinor>11</VersionMinor>
          <BuildMajor>0</BuildMajor>
          <BuildMinor>0</BuildMinor>
        </Version>
      </Creator>
    </Activity>
  </Activities>
  <Author xsi:type="Application_t">
    <Name>Connect Api</Name>
    <Build>
      <Version>
        <VersionMajor>26</VersionMajor>
        <VersionMinor>5</VersionMinor>
        <BuildMajor>0</BuildMajor>
        <BuildMinor>0</BuildMinor>
      </Version>
    </Build>
    <LangID>en</LangID>
    <PartNumber>006-D2449-00</PartNumber>
  </Author>
</TrainingCenterDatabase>
